Supplier.[Supplier Location],Version.[Version Name],Location.[Location],Item.[Item],W Procurement Total Requirements
Saigon Premium,Baseline FY26,EMEA,NK-AM-90-8092,8189.146529769497
Saigon Premium,Baseline FY26,Greater China,NK-BK-KD16-8694,8499.252537025102
Jakarta Apparel,Baseline FY26,North America,NK-IV-3-8613,3281.082326778005
Saigon Premium,Baseline FY26,EMEA,NK-ZP-40-9808,2800.7146507207976
Chennai Textiles,Baseline FY26,North America,NK-AP-TJ-7187,8144.609049442516
Guangzhou Footwear,Baseline FY26,EMEA,NK-RA-RW-7637,7358.717746765276
Guangzhou Footwear,Baseline FY26,APLA,NK-AM-PLS-1583,5366.087814143197
Dhaka Garments,Baseline FY26,North America,NK-AM-PLS-8597,4475.954800306952
Jakarta Apparel,Baseline FY26,APLA,NK-JD-SL3-5933,6529.060347979294
Guangzhou Footwear,Baseline FY26,APLA,NK-RA-RM-3455,1704.852749268738
Chennai Textiles,Baseline FY26,EMEA,NK-AP-PDF-9640,8675.154045000305
Dhaka Garments,Baseline FY26,Greater China,NK-ZP-40-2437,7495.2150959359415
Chennai Textiles,Baseline FY26,APLA,NK-AP-ECT-6543,5713.903816742646
Guangzhou Footwear,Baseline FY26,Greater China,NK-AP-ACG-6667,4175.067252959276
Guangzhou Footwear,Baseline FY26,EMEA,NK-AP-PDF-2232,2096.342471836072
Saigon Premium,Baseline FY26,Greater China,NK-AM-270-4914,8900.91494919984
Saigon Premium,Baseline FY26,North America,NK-AM-90-6979,2632.0969251027536
Monterrey Logistics,Baseline FY26,North America,NK-AP-ECT-9767,3911.240210592548
Monterrey Logistics,Baseline FY26,EMEA,NK-AP-YLL-1288,2154.7483556979487
Monterrey Logistics,Baseline FY26,EMEA,NK-SB-DLP-4046,6568.776911778621
Monterrey Logistics,Baseline FY26,North America,NK-VF-3-9175,8659.17925468655
Jakarta Apparel,Baseline FY26,Greater China,NK-AP-YLL-3063,1343.6774932315304
Saigon Premium,Baseline FY26,APLA,NK-AP-YLL-6872,7817.023256250108
Guangzhou Footwear,Baseline FY26,EMEA,NK-BK-L21-6072,9082.404550061476
Saigon Premium,Baseline FY26,Greater China,NK-AP-TJ-3090,8031.470290790502
Dhaka Garments,Baseline FY26,Greater China,NK-AP-IC-2149,6248.233109482025
Guangzhou Footwear,Baseline FY26,North America,NK-BZ-77-7229,3750.3733297235935
Saigon Premium,Baseline FY26,Greater China,NK-AP-SFJ-9698,3170.3680110694695
Chennai Textiles,Baseline FY26,North America,NK-AP-PDF-5744,2247.440844751858
Jakarta Apparel,Baseline FY26,Greater China,NK-AP-YLL-7878,6512.218519892593
Dhaka Garments,Baseline FY26,EMEA,NK-ZP-40-4512,6677.371391225435
Guangzhou Footwear,Baseline FY26,APLA,NK-BK-KD16-6973,8458.451501778252
Saigon Premium,Baseline FY26,North America,NK-AP-SFJ-3685,1337.559402259603
Guangzhou Footwear,Baseline FY26,APLA,NK-JD-SL3-3295,3608.751928719454
Chennai Textiles,Baseline FY26,Greater China,NK-AP-PDF-1284,1808.9997927760062
Jakarta Apparel,Baseline FY26,EMEA,NK-AP-IC-6492,4954.867126083958
Saigon Premium,Baseline FY26,Greater China,NK-BK-JA1-5416,7861.300735205324
Guangzhou Footwear,Baseline FY26,North America,NK-BK-KD16-5572,3739.1424517533706
Jakarta Apparel,Baseline FY26,Greater China,NK-SB-DLP-6642,3350.555103917169
Monterrey Logistics,Baseline FY26,EMEA,NK-AM-270-3411,9060.936544765875
Monterrey Logistics,Baseline FY26,EMEA,NK-AP-ACG-1044,5350.876192985632
Dhaka Garments,Baseline FY26,EMEA,NK-RA-RM-5926,3413.942434408986
Chennai Textiles,Baseline FY26,EMEA,NK-ZP-40-5268,6014.761579891797
Guangzhou Footwear,Baseline FY26,APLA,NK-AP-PDF-9172,3518.174310424072
Chennai Textiles,Baseline FY26,North America,NK-AM-90-6979,8217.559816707617
Monterrey Logistics,Baseline FY26,EMEA,NK-RA-RM-4417,7533.723102900414
Monterrey Logistics,Baseline FY26,North America,NK-AP-PDF-4432,1371.0155335978275
Monterrey Logistics,Baseline FY26,APLA,NK-AP-ECT-8560,8446.289490157451
Dhaka Garments,Baseline FY26,EMEA,NK-AM-90-1606,3467.8697697544358
Chennai Textiles,Baseline FY26,EMEA,NK-IV-3-9198,4058.3287432730494
Dhaka Garments,Baseline FY26,North America,NK-CV-L-8330,4890.378647282934
Chennai Textiles,Baseline FY26,North America,NK-CV-L-8849,3339.922095584249
Chennai Textiles,Baseline FY26,APLA,NK-AP-YLL-6641,8829.49930041761
Dhaka Garments,Baseline FY26,APLA,NK-AP-YLL-2980,5010.771939961998
Jakarta Apparel,Baseline FY26,North America,NK-BZ-77-8722,4878.786350846669
Guangzhou Footwear,Baseline FY26,APLA,NK-AP-SFJ-1831,8335.014065740317
Jakarta Apparel,Baseline FY26,APLA,NK-RA-RW-2851,9539.339365823813
Jakarta Apparel,Baseline FY26,Greater China,NK-ZP-40-4512,6244.375427274409
Dhaka Garments,Baseline FY26,EMEA,NK-AM-270-1595,8202.522864816001
Guangzhou Footwear,Baseline FY26,APLA,NK-AM-90-9134,4167.502534560903
Dhaka Garments,Baseline FY26,APLA,NK-IV-3-8898,5176.395531038657
Dhaka Garments,Baseline FY26,North America,NK-AP-ACG-5442,4874.910114745502
Dhaka Garments,Baseline FY26,APLA,NK-AP-PDF-3581,7829.555123478279
Saigon Premium,Baseline FY26,APLA,NK-AP-IC-9956,1589.5418695820044
Monterrey Logistics,Baseline FY26,EMEA,NK-MT-9-8735,9603.647314378724
Monterrey Logistics,Baseline FY26,EMEA,NK-BK-L21-6072,1476.3710719260553
Dhaka Garments,Baseline FY26,Greater China,NK-AP-ECT-3092,6027.581346017342
Guangzhou Footwear,Baseline FY26,North America,NK-AP-PDF-8088,8381.344863836948
Jakarta Apparel,Baseline FY26,Greater China,NK-AP-PDF-7089,8382.013076646286
Saigon Premium,Baseline FY26,Greater China,NK-AP-ECT-2220,4432.557152505744
Dhaka Garments,Baseline FY26,Greater China,NK-RA-RW-6774,6577.476153981292
Jakarta Apparel,Baseline FY26,APLA,NK-JD-SL3-1984,9414.507995544862
Dhaka Garments,Baseline FY26,EMEA,NK-BK-KD16-5969,4770.669368504405
Saigon Premium,Baseline FY26,Greater China,NK-AM-PLS-3686,9208.194861991497
Dhaka Garments,Baseline FY26,North America,NK-AP-ECT-6140,7978.158830219614
Dhaka Garments,Baseline FY26,APLA,NK-AP-SFJ-7157,1485.6856005394945
Guangzhou Footwear,Baseline FY26,EMEA,NK-RA-RW-7361,9632.852246940252
Chennai Textiles,Baseline FY26,North America,NK-IV-3-2252,7913.142263063952
Monterrey Logistics,Baseline FY26,Greater China,NK-RT-3-6708,3409.328027443921
Chennai Textiles,Baseline FY26,EMEA,NK-AP-ECT-1073,9661.705869594762
Chennai Textiles,Baseline FY26,EMEA,NK-AP-PDF-7838,7405.870222724041
Chennai Textiles,Baseline FY26,North America,NK-AM-90-8092,3478.8812177239124
Saigon Premium,Baseline FY26,APLA,NK-AP-IC-6525,4866.804188220582
Chennai Textiles,Baseline FY26,EMEA,NK-AP-SFJ-6392,3241.9550694220165
Dhaka Garments,Baseline FY26,APLA,NK-AM-270-3487,3225.884517599945
Chennai Textiles,Baseline FY26,EMEA,NK-AP-PDF-7654,3192.463395488713
Guangzhou Footwear,Baseline FY26,North America,NK-JD-SL3-7766,2986.6737818451265
Chennai Textiles,Baseline FY26,North America,NK-AM-PLS-9088,9061.346238528688
Jakarta Apparel,Baseline FY26,North America,NK-RT-3-1628,5639.681108354113
Saigon Premium,Baseline FY26,APLA,NK-VF-3-9528,3179.916348736296
Saigon Premium,Baseline FY26,Greater China,NK-AP-ECT-1962,8009.746894882509
Jakarta Apparel,Baseline FY26,North America,NK-AP-PDF-8591,4526.479500935844
Chennai Textiles,Baseline FY26,EMEA,NK-RA-RW-3840,9890.14067983084
Chennai Textiles,Baseline FY26,Greater China,NK-AP-SFJ-7788,5739.037611660927
Jakarta Apparel,Baseline FY26,North America,NK-AP-PDF-7838,3045.0121375564377
Chennai Textiles,Baseline FY26,APLA,NK-RA-RW-9975,7584.86318405087
Guangzhou Footwear,Baseline FY26,North America,NK-AM-270-4844,8643.362807253607
Dhaka Garments,Baseline FY26,Greater China,NK-AM-PLS-3686,2951.672704187528
Monterrey Logistics,Baseline FY26,EMEA,NK-AP-ACG-8839,1042.959483161143
Monterrey Logistics,Baseline FY26,EMEA,NK-AP-TJ-2946,2974.5636779163765
Dhaka Garments,Baseline FY26,EMEA,NK-BK-L21-6642,1155.498025850119
Saigon Premium,Baseline FY26,North America,NK-AM-PLS-5134,9854.19242679155
Monterrey Logistics,Baseline FY26,EMEA,NK-AP-YLL-8361,1352.2196762273866
Guangzhou Footwear,Baseline FY26,Greater China,NK-AM-90-3060,6708.670682399646
Dhaka Garments,Baseline FY26,APLA,NK-RA-RW-2798,1714.3170553421978
Guangzhou Footwear,Baseline FY26,APLA,NK-BK-L21-8558,9363.005548675335
Saigon Premium,Baseline FY26,North America,NK-AP-ECT-1403,2053.237477550888
Dhaka Garments,Baseline FY26,North America,NK-AP-TJ-4311,7545.319990165427
Dhaka Garments,Baseline FY26,Greater China,NK-BK-JA1-8858,3143.0333946693363
Dhaka Garments,Baseline FY26,Greater China,NK-AP-PDF-4843,8098.0341306088585
Jakarta Apparel,Baseline FY26,EMEA,NK-AP-ECT-5247,8045.532595472548
Saigon Premium,Baseline FY26,EMEA,NK-AP-IC-4190,6820.665660195143
Dhaka Garments,Baseline FY26,APLA,NK-AP-IC-4170,2425.0540812196045
Saigon Premium,Baseline FY26,Greater China,NK-MT-9-8784,8573.295553088472
Monterrey Logistics,Baseline FY26,EMEA,NK-AM-PLS-7472,5522.284375702137
Monterrey Logistics,Baseline FY26,Greater China,NK-BK-JA1-2449,5427.861212841381
Chennai Textiles,Baseline FY26,EMEA,NK-SB-DLP-9706,1402.2063986579985
Guangzhou Footwear,Baseline FY26,EMEA,NK-RT-3-7867,7035.875747494244
Saigon Premium,Baseline FY26,EMEA,NK-AP-PDF-5794,2100.032997468047
Saigon Premium,Baseline FY26,North America,NK-AP-PDF-7654,3542.2561016675145
Guangzhou Footwear,Baseline FY26,EMEA,NK-AP-PDF-8584,1569.0712884088177
Dhaka Garments,Baseline FY26,North America,NK-SB-DLP-4622,5402.690528159072
Chennai Textiles,Baseline FY26,EMEA,NK-CV-L-2671,7420.737856993482
Jakarta Apparel,Baseline FY26,Greater China,NK-RA-RM-4405,9294.67986857922
Monterrey Logistics,Baseline FY26,Greater China,NK-CV-L-1166,7676.023264148327
Dhaka Garments,Baseline FY26,North America,NK-VF-3-7970,3975.794443406677
Dhaka Garments,Baseline FY26,EMEA,NK-AP-TJ-2553,1002.1726223253601
Guangzhou Footwear,Baseline FY26,EMEA,NK-AM-PLS-4975,8202.101991914169
Guangzhou Footwear,Baseline FY26,North America,NK-AM-90-2811,8136.455280021509
Saigon Premium,Baseline FY26,North America,NK-RA-RM-7358,2608.5577458213056
Jakarta Apparel,Baseline FY26,APLA,NK-AM-90-6974,7886.121055424192
Chennai Textiles,Baseline FY26,Greater China,NK-RA-RM-5862,9195.888651878522
Saigon Premium,Baseline FY26,APLA,NK-JD-SL3-6946,7521.539755535152
Guangzhou Footwear,Baseline FY26,APLA,NK-RT-3-5686,7049.757760549872
Chennai Textiles,Baseline FY26,EMEA,NK-VF-3-8008,8856.736300807337
Chennai Textiles,Baseline FY26,Greater China,NK-IV-3-4250,6709.833622035373
Jakarta Apparel,Baseline FY26,EMEA,NK-AP-ECT-4820,8738.307186271824
Saigon Premium,Baseline FY26,APLA,NK-AP-IC-4170,9678.611536280418
Monterrey Logistics,Baseline FY26,EMEA,NK-AP-ACG-8265,1256.1348055592657
Chennai Textiles,Baseline FY26,EMEA,NK-AP-PDF-4891,9030.042556756165
Monterrey Logistics,Baseline FY26,North America,NK-AP-IC-8338,9946.616818987983
Saigon Premium,Baseline FY26,APLA,NK-BZ-77-9305,4263.820066027775
Jakarta Apparel,Baseline FY26,Greater China,NK-JD-SL3-6946,4351.936078237545
Monterrey Logistics,Baseline FY26,North America,NK-BK-L21-3919,3574.3827611621127
Jakarta Apparel,Baseline FY26,Greater China,NK-AP-SFJ-8702,9247.52624735902
Guangzhou Footwear,Baseline FY26,Greater China,NK-AP-PDF-6823,4916.078476988512
Monterrey Logistics,Baseline FY26,North America,NK-RT-3-3807,1205.2527224983844
Dhaka Garments,Baseline FY26,Greater China,NK-VF-3-9020,7582.067610732034
Chennai Textiles,Baseline FY26,EMEA,NK-JD-SL3-5367,7418.84123459271
Chennai Textiles,Baseline FY26,North America,NK-AM-90-4262,1699.3106363557222
Guangzhou Footwear,Baseline FY26,APLA,NK-AP-IC-7191,3658.7611407548125
Dhaka Garments,Baseline FY26,EMEA,NK-BK-JA1-3515,5104.573444548987
Jakarta Apparel,Baseline FY26,EMEA,NK-AP-IC-4789,7327.902810772442
Guangzhou Footwear,Baseline FY26,APLA,NK-AP-ACG-1096,6732.426729254504
Saigon Premium,Baseline FY26,Greater China,NK-AP-TJ-9642,3764.1812094977663
Guangzhou Footwear,Baseline FY26,APLA,NK-AP-PDF-9504,1293.546260108919
Monterrey Logistics,Baseline FY26,APLA,NK-BK-L21-3942,8346.07733067256
Saigon Premium,Baseline FY26,APLA,NK-AP-TJ-7823,4498.938748243545
Saigon Premium,Baseline FY26,APLA,NK-RT-3-4701,2413.0214319732854
Guangzhou Footwear,Baseline FY26,Greater China,NK-AP-TJ-5485,7593.412452379823
Dhaka Garments,Baseline FY26,Greater China,NK-AP-TJ-9993,6330.466691947486
Guangzhou Footwear,Baseline FY26,EMEA,NK-RT-3-1051,2659.131827698077
Dhaka Garments,Baseline FY26,EMEA,NK-BZ-77-2684,1749.8090228473861
Chennai Textiles,Baseline FY26,North America,NK-CV-L-6750,9154.149589796238
Jakarta Apparel,Baseline FY26,North America,NK-VF-3-7232,6812.097136620803
Guangzhou Footwear,Baseline FY26,APLA,NK-RT-3-5686,2571.5584391251086
Saigon Premium,Baseline FY26,Greater China,NK-AP-TJ-8190,2007.681121053246
Saigon Premium,Baseline FY26,North America,NK-AP-TJ-7543,2347.40885635026
Guangzhou Footwear,Baseline FY26,North America,NK-AP-TJ-9642,7454.6155384245585
Dhaka Garments,Baseline FY26,North America,NK-AM-270-3573,6494.085564395414
Saigon Premium,Baseline FY26,EMEA,NK-RA-RW-7803,7252.271556924646
Saigon Premium,Baseline FY26,EMEA,NK-SB-DLP-5864,3313.434487945372
Monterrey Logistics,Baseline FY26,EMEA,NK-RT-3-5509,1201.6469748819002
Monterrey Logistics,Baseline FY26,North America,NK-MT-9-4526,1751.2490328764752
Jakarta Apparel,Baseline FY26,Greater China,NK-CV-L-1397,2601.1793382668156
Saigon Premium,Baseline FY26,Greater China,NK-RA-RW-9932,4303.757813059999
Guangzhou Footwear,Baseline FY26,APLA,NK-AP-SFJ-4490,1297.2253130615036
Dhaka Garments,Baseline FY26,APLA,NK-RA-RM-5599,4066.0726768121613
Chennai Textiles,Baseline FY26,North America,NK-AP-PDF-2863,7689.511256822254
Monterrey Logistics,Baseline FY26,APLA,NK-BZ-77-4469,2527.169784479647
Jakarta Apparel,Baseline FY26,Greater China,NK-CV-L-3852,5314.1191515980545
Dhaka Garments,Baseline FY26,APLA,NK-MT-9-7100,5569.6812239971705
Dhaka Garments,Baseline FY26,Greater China,NK-SB-DLP-1238,9683.230314207452
Jakarta Apparel,Baseline FY26,North America,NK-BK-L21-9932,4546.480937816806
Guangzhou Footwear,Baseline FY26,North America,NK-AP-TJ-2275,3084.6349341327773
Saigon Premium,Baseline FY26,APLA,NK-AM-270-7085,9621.575788922513
Guangzhou Footwear,Baseline FY26,EMEA,NK-SB-DLP-7534,8009.873902111792
Dhaka Garments,Baseline FY26,EMEA,NK-AP-SFJ-8448,2697.2963927555593
Guangzhou Footwear,Baseline FY26,APLA,NK-AP-ACG-5992,4950.227802198036
Chennai Textiles,Baseline FY26,North America,NK-RA-RM-2492,4599.42111148573
Dhaka Garments,Baseline FY26,Greater China,NK-RA-RW-7028,7346.701979582985
Dhaka Garments,Baseline FY26,Greater China,NK-BK-KD16-8085,5952.149478055881
Monterrey Logistics,Baseline FY26,APLA,NK-RA-RW-9932,8473.242395775884
Monterrey Logistics,Baseline FY26,APLA,NK-RA-RW-9434,2949.8909638906025
Jakarta Apparel,Baseline FY26,EMEA,NK-VF-3-2442,5130.061204096992
Monterrey Logistics,Baseline FY26,North America,NK-BK-KD16-4902,9946.663585400773
Saigon Premium,Baseline FY26,North America,NK-AP-SFJ-8896,3336.772328173114
Monterrey Logistics,Baseline FY26,APLA,NK-AP-SFJ-2468,4388.5418406733625
Dhaka Garments,Baseline FY26,Greater China,NK-AP-PDF-4347,4225.083309469643
Dhaka Garments,Baseline FY26,North America,NK-AP-ECT-9027,2075.367585058278
Guangzhou Footwear,Baseline FY26,APLA,NK-AP-YLL-5292,4186.3223908883465
Dhaka Garments,Baseline FY26,Greater China,NK-AP-YLL-5236,6673.040810508712
Monterrey Logistics,Baseline FY26,EMEA,NK-BK-L21-7878,8069.75387826493
Guangzhou Footwear,Baseline FY26,Greater China,NK-ZP-40-3783,5951.816483621088
Guangzhou Footwear,Baseline FY26,EMEA,NK-BZ-77-6336,9307.41177744952
Chennai Textiles,Baseline FY26,North America,NK-BZ-77-3515,2025.6451867358844
Guangzhou Footwear,Baseline FY26,North America,NK-CV-L-3118,2520.8341535797626
Saigon Premium,Baseline FY26,APLA,NK-JD-SL3-3295,7955.579467721729
Guangzhou Footwear,Baseline FY26,North America,NK-AP-ACG-7870,3931.888124355374
Chennai Textiles,Baseline FY26,EMEA,NK-BZ-77-8940,4450.460828168398
Monterrey Logistics,Baseline FY26,North America,NK-CV-L-5659,6699.65445648135
Saigon Premium,Baseline FY26,Greater China,NK-AP-YLL-3706,4381.901202295529
Jakarta Apparel,Baseline FY26,North America,NK-AM-90-2435,3456.4595247461425
Chennai Textiles,Baseline FY26,EMEA,NK-AP-PDF-3381,3870.169772826532
Chennai Textiles,Baseline FY26,APLA,NK-SB-DLP-7154,9829.603790826255
Dhaka Garments,Baseline FY26,North America,NK-BK-KD16-2681,9446.911242350996
Monterrey Logistics,Baseline FY26,APLA,NK-JD-SL3-7509,8119.110327193719
Monterrey Logistics,Baseline FY26,APLA,NK-AP-ACG-9855,6333.250075947437
Monterrey Logistics,Baseline FY26,EMEA,NK-AP-IC-2913,1792.3293133591287
Dhaka Garments,Baseline FY26,APLA,NK-BZ-77-5798,8653.703354719666
Monterrey Logistics,Baseline FY26,North America,NK-AM-PLS-4975,5099.923398446883
Monterrey Logistics,Baseline FY26,Greater China,NK-AP-ECT-5457,4904.07873154184
Monterrey Logistics,Baseline FY26,EMEA,NK-AP-TJ-5268,4785.986476665279
Dhaka Garments,Baseline FY26,APLA,NK-AP-IC-5112,6094.888858339925
Jakarta Apparel,Baseline FY26,EMEA,NK-AP-TJ-5491,7459.723529620072
Guangzhou Footwear,Baseline FY26,APLA,NK-AM-90-7327,2968.495587576276
Dhaka Garments,Baseline FY26,APLA,NK-AP-ECT-2123,9508.076503838813
Saigon Premium,Baseline FY26,APLA,NK-AP-ACG-3294,7092.052132909886
Jakarta Apparel,Baseline FY26,Greater China,NK-RA-RW-8920,3230.7916298978776
Saigon Premium,Baseline FY26,North America,NK-AP-SFJ-7157,4855.8474790549135
Saigon Premium,Baseline FY26,APLA,NK-AM-270-2716,6893.05489525636
Chennai Textiles,Baseline FY26,EMEA,NK-JD-SL3-1165,9847.36975326144
Monterrey Logistics,Baseline FY26,North America,NK-AP-ECT-5007,5408.655912653018
Dhaka Garments,Baseline FY26,EMEA,NK-BK-JA1-3515,9659.5388037059
Monterrey Logistics,Baseline FY26,North America,NK-ZP-40-4396,9092.868151516246
Jakarta Apparel,Baseline FY26,EMEA,NK-IV-3-6591,6181.098992385127
Saigon Premium,Baseline FY26,APLA,NK-BK-L21-3942,7619.481141397518
Saigon Premium,Baseline FY26,Greater China,NK-AP-IC-4524,3034.425724566391
Chennai Textiles,Baseline FY26,North America,NK-AP-SFJ-9149,6535.879239108121
Jakarta Apparel,Baseline FY26,North America,NK-RT-3-2037,9932.340447729735
Chennai Textiles,Baseline FY26,Greater China,NK-RA-RM-2492,8223.907836750765
Jakarta Apparel,Baseline FY26,Greater China,NK-AP-IC-5501,7158.663791348316
Chennai Textiles,Baseline FY26,Greater China,NK-BK-KD16-7752,6463.095760234697
Saigon Premium,Baseline FY26,North America,NK-AP-PDF-2758,8009.486976489043
Dhaka Garments,Baseline FY26,APLA,NK-AP-SFJ-8720,3705.596776695149
Monterrey Logistics,Baseline FY26,EMEA,NK-RA-RW-5896,7593.130794637906
Saigon Premium,Baseline FY26,EMEA,NK-AP-TJ-8522,6737.525811600512
Chennai Textiles,Baseline FY26,Greater China,NK-CV-L-5684,5629.37357419281
Monterrey Logistics,Baseline FY26,EMEA,NK-AM-90-9833,3365.1377353822536
Chennai Textiles,Baseline FY26,EMEA,NK-RA-RM-7808,3096.5589564611037
Jakarta Apparel,Baseline FY26,Greater China,NK-SB-DLP-6135,2129.8916792947375
Saigon Premium,Baseline FY26,APLA,NK-ZP-40-1674,1246.019579311539
Dhaka Garments,Baseline FY26,EMEA,NK-BK-KD16-4239,4610.000802047433
Chennai Textiles,Baseline FY26,Greater China,NK-AM-90-2435,4796.429204395291
Monterrey Logistics,Baseline FY26,Greater China,NK-AM-90-4719,4615.778840646875
Dhaka Garments,Baseline FY26,EMEA,NK-AP-ECT-2440,1553.6779808390477
Jakarta Apparel,Baseline FY26,APLA,NK-AP-TJ-4311,2704.490114981212
Dhaka Garments,Baseline FY26,North America,NK-AP-PDF-8864,3225.6789707808466
Dhaka Garments,Baseline FY26,EMEA,NK-AP-SFJ-8896,3270.510219983078
Chennai Textiles,Baseline FY26,North America,NK-AM-270-6906,4371.627141336755
Jakarta Apparel,Baseline FY26,North America,NK-AM-270-1185,7759.874850521567
Guangzhou Footwear,Baseline FY26,Greater China,NK-IV-3-6777,4306.807082870449
Saigon Premium,Baseline FY26,North America,NK-JD-SL3-5721,4840.679862857809
Jakarta Apparel,Baseline FY26,Greater China,NK-AP-ECT-2663,2754.005673073121
Chennai Textiles,Baseline FY26,EMEA,NK-AP-YLL-8413,3749.911027093167
Chennai Textiles,Baseline FY26,Greater China,NK-RA-RM-7358,1384.8991468641177
Monterrey Logistics,Baseline FY26,North America,NK-AM-PLS-7478,2563.8949817535163
Monterrey Logistics,Baseline FY26,North America,NK-IV-3-9934,4178.404626119582
Monterrey Logistics,Baseline FY26,North America,NK-SB-DLP-4046,5841.697831797039
Dhaka Garments,Baseline FY26,Greater China,NK-BK-KD16-7109,5141.692812574633
Jakarta Apparel,Baseline FY26,EMEA,NK-AP-PDF-7934,3744.8160203770153
Monterrey Logistics,Baseline FY26,North America,NK-AP-ECT-8105,4820.241977504635
Chennai Textiles,Baseline FY26,Greater China,NK-AM-PLS-8914,8874.996735336605
Guangzhou Footwear,Baseline FY26,APLA,NK-AP-IC-6800,9664.95058012502
Saigon Premium,Baseline FY26,APLA,NK-AM-PLS-2578,3123.6062444281447
Dhaka Garments,Baseline FY26,EMEA,NK-AP-IC-4675,9704.468856482486
Monterrey Logistics,Baseline FY26,EMEA,NK-AM-PLS-6986,7573.302976933779
Chennai Textiles,Baseline FY26,North America,NK-BK-L21-8743,1350.202819759619
Monterrey Logistics,Baseline FY26,Greater China,NK-RA-RM-6546,7724.7329611942
Guangzhou Footwear,Baseline FY26,North America,NK-AM-270-4177,8104.995438448397
Jakarta Apparel,Baseline FY26,APLA,NK-AM-90-8736,8471.751005353566
Monterrey Logistics,Baseline FY26,EMEA,NK-AP-ECT-2680,8868.10878075155
Chennai Textiles,Baseline FY26,North America,NK-AP-YLL-1021,5235.51197875842
Chennai Textiles,Baseline FY26,Greater China,NK-AM-270-1204,9716.38610937348
Saigon Premium,Baseline FY26,North America,NK-AM-PLS-9405,9310.56465094326
Jakarta Apparel,Baseline FY26,APLA,NK-BK-KD16-3152,3748.0490311860294
Chennai Textiles,Baseline FY26,EMEA,NK-AP-IC-3061,3811.7333536242763
Saigon Premium,Baseline FY26,EMEA,NK-AP-ACG-7870,8947.566407660335
Saigon Premium,Baseline FY26,APLA,NK-VF-3-7582,3178.1642702811555
Chennai Textiles,Baseline FY26,APLA,NK-SB-DLP-5319,4124.876167648177
Chennai Textiles,Baseline FY26,Greater China,NK-AM-270-6751,1708.9565335987043
Dhaka Garments,Baseline FY26,APLA,NK-AP-TJ-2315,6968.624378985517
Saigon Premium,Baseline FY26,North America,NK-AM-PLS-7478,3509.7422501367487
Dhaka Garments,Baseline FY26,EMEA,NK-AP-ECT-1749,6172.459188996477
Jakarta Apparel,Baseline FY26,Greater China,NK-RA-RM-2351,7355.282695598846
Jakarta Apparel,Baseline FY26,APLA,NK-SB-DLP-6839,6758.80771158947
Monterrey Logistics,Baseline FY26,North America,NK-BK-KD16-3863,2670.0712371843756
Guangzhou Footwear,Baseline FY26,Greater China,NK-AP-SFJ-5427,7860.641311303844
Dhaka Garments,Baseline FY26,Greater China,NK-AP-ECT-8532,7711.302853871863
Chennai Textiles,Baseline FY26,North America,NK-RT-3-5179,7352.453163233809
Dhaka Garments,Baseline FY26,APLA,NK-IV-3-8647,2043.11310872294
Chennai Textiles,Baseline FY26,Greater China,NK-AP-TJ-2814,9295.749866843165
Dhaka Garments,Baseline FY26,EMEA,NK-BK-JA1-3515,6636.278515985027
Saigon Premium,Baseline FY26,EMEA,NK-BK-KD16-2118,7013.146376431871
Chennai Textiles,Baseline FY26,North America,NK-AP-PDF-1765,9048.862364574401
Monterrey Logistics,Baseline FY26,EMEA,NK-AM-PLS-3661,6440.9906907192135
Saigon Premium,Baseline FY26,Greater China,NK-ZP-40-1806,8026.6108086695895
Chennai Textiles,Baseline FY26,Greater China,NK-AP-YLL-6471,4856.155539669624
Jakarta Apparel,Baseline FY26,EMEA,NK-RA-RW-1201,2048.0093638540184
Saigon Premium,Baseline FY26,North America,NK-AP-PDF-8864,4266.174587986268
Guangzhou Footwear,Baseline FY26,APLA,NK-BK-KD16-4128,1642.0385694320973
Jakarta Apparel,Baseline FY26,North America,NK-CV-L-1260,7452.778698138189
Jakarta Apparel,Baseline FY26,EMEA,NK-AP-ECT-2690,6206.885801589619
Jakarta Apparel,Baseline FY26,North America,NK-AP-PDF-8472,5782.312392805193
Chennai Textiles,Baseline FY26,North America,NK-VF-3-7724,5476.948338803948
Monterrey Logistics,Baseline FY26,APLA,NK-MT-9-1512,8655.108700890629
Dhaka Garments,Baseline FY26,EMEA,NK-RA-RM-4417,4645.963591679075
Saigon Premium,Baseline FY26,Greater China,NK-AP-ECT-7186,7826.124193988161
Guangzhou Footwear,Baseline FY26,Greater China,NK-BK-KD16-6902,5293.010568469172
Guangzhou Footwear,Baseline FY26,APLA,NK-JD-SL3-3620,6367.180400882676
Guangzhou Footwear,Baseline FY26,EMEA,NK-RA-RM-8991,3281.1656462929127
Monterrey Logistics,Baseline FY26,APLA,NK-AM-PLS-2006,2043.823183040381
Jakarta Apparel,Baseline FY26,APLA,NK-BZ-77-3498,2168.0288190822284
Dhaka Garments,Baseline FY26,Greater China,NK-SB-DLP-6487,3405.8629727282782
Chennai Textiles,Baseline FY26,North America,NK-AP-YLL-4537,4394.67410978889
Dhaka Garments,Baseline FY26,APLA,NK-RA-RM-9417,3919.003684551914
Guangzhou Footwear,Baseline FY26,APLA,NK-AM-270-3316,7156.976140336573
Saigon Premium,Baseline FY26,APLA,NK-RA-RM-9987,5826.169835918444
Jakarta Apparel,Baseline FY26,North America,NK-AM-PLS-8584,5329.406525452027
Jakarta Apparel,Baseline FY26,North America,NK-IV-3-5478,9500.580517842514
Guangzhou Footwear,Baseline FY26,Greater China,NK-BK-KD16-1313,2751.7565652283542
Dhaka Garments,Baseline FY26,APLA,NK-AP-YLL-3159,4890.6984081321925
Monterrey Logistics,Baseline FY26,EMEA,NK-AM-90-1606,1308.5820614364018
Saigon Premium,Baseline FY26,Greater China,NK-RA-RW-6907,5810.924335434127
Dhaka Garments,Baseline FY26,North America,NK-AP-PDF-9504,9770.253933731496
Dhaka Garments,Baseline FY26,EMEA,NK-AM-270-6083,1048.7042968157434
Monterrey Logistics,Baseline FY26,Greater China,NK-AP-TJ-4129,7647.258309803883
Monterrey Logistics,Baseline FY26,EMEA,NK-MT-9-6773,6264.734546839942
Jakarta Apparel,Baseline FY26,North America,NK-ZP-40-3550,1621.028039333108
Monterrey Logistics,Baseline FY26,Greater China,NK-BK-L21-3884,5621.636655923069
Dhaka Garments,Baseline FY26,EMEA,NK-BK-JA1-9725,5906.324207780577
Monterrey Logistics,Baseline FY26,APLA,NK-RA-RW-4374,2155.644726331212
Guangzhou Footwear,Baseline FY26,Greater China,NK-AP-ECT-7743,5248.955820704072
Jakarta Apparel,Baseline FY26,EMEA,NK-ZP-40-1674,5660.879783536173
Jakarta Apparel,Baseline FY26,North America,NK-AP-PDF-5100,6756.408450662744
Chennai Textiles,Baseline FY26,Greater China,NK-RA-RM-4784,6658.209634724412
Saigon Premium,Baseline FY26,APLA,NK-RA-RW-3875,6038.659149431578
Guangzhou Footwear,Baseline FY26,Greater China,NK-RT-3-8244,5658.621974802778
Dhaka Garments,Baseline FY26,EMEA,NK-RA-RW-7298,2789.609752947412
Dhaka Garments,Baseline FY26,Greater China,NK-RA-RW-6177,8327.164040211159
Saigon Premium,Baseline FY26,EMEA,NK-AP-IC-2914,2984.3027443413694
Guangzhou Footwear,Baseline FY26,North America,NK-RT-3-8355,3913.8731313990797
Jakarta Apparel,Baseline FY26,North America,NK-BK-KD16-2660,7643.489563226608
Saigon Premium,Baseline FY26,APLA,NK-RA-RW-5422,7171.625120403101
Monterrey Logistics,Baseline FY26,APLA,NK-SB-DLP-7154,9339.565067698357
Monterrey Logistics,Baseline FY26,APLA,NK-IV-3-4188,5185.250675928903
Guangzhou Footwear,Baseline FY26,North America,NK-AP-YLL-9569,1084.934639139976
Jakarta Apparel,Baseline FY26,APLA,NK-MT-9-5565,9857.326732604872
Jakarta Apparel,Baseline FY26,APLA,NK-RA-RW-7221,4342.7074973616645
Monterrey Logistics,Baseline FY26,EMEA,NK-ZP-40-1806,9703.025644388565
Saigon Premium,Baseline FY26,Greater China,NK-AP-SFJ-2077,5257.176868059474
Saigon Premium,Baseline FY26,EMEA,NK-ZP-40-6816,3647.6774990697177
Jakarta Apparel,Baseline FY26,EMEA,NK-AP-TJ-5684,3183.6877937194818
Chennai Textiles,Baseline FY26,APLA,NK-AP-YLL-1446,4563.265366607431
Saigon Premium,Baseline FY26,Greater China,NK-AM-270-6751,4888.4621484016625
Jakarta Apparel,Baseline FY26,North America,NK-AP-ACG-4900,8207.89100973804
Monterrey Logistics,Baseline FY26,APLA,NK-CV-L-1397,6459.180449978499
Saigon Premium,Baseline FY26,APLA,NK-BK-KD16-3152,7538.393919174567
Dhaka Garments,Baseline FY26,North America,NK-AM-90-8736,5525.454137900554
Monterrey Logistics,Baseline FY26,EMEA,NK-BK-JA1-6201,6700.1860037957185
Jakarta Apparel,Baseline FY26,Greater China,NK-AM-270-4450,4286.2573717762125
Saigon Premium,Baseline FY26,Greater China,NK-CV-L-8849,3490.1895415141753
Guangzhou Footwear,Baseline FY26,Greater China,NK-AM-PLS-3440,5892.80316519327
Dhaka Garments,Baseline FY26,North America,NK-SB-DLP-8439,9926.49518191472
Dhaka Garments,Baseline FY26,EMEA,NK-BK-JA1-3039,6928.9303376367225
Guangzhou Footwear,Baseline FY26,EMEA,NK-RT-3-7657,8808.02717847905
Chennai Textiles,Baseline FY26,EMEA,NK-ZP-40-2073,9581.99470002384
Saigon Premium,Baseline FY26,EMEA,NK-RA-RM-8496,4212.405833562335
Chennai Textiles,Baseline FY26,EMEA,NK-MT-9-4100,7592.032636228883
Chennai Textiles,Baseline FY26,APLA,NK-AP-PDF-7934,2377.463552123314
Saigon Premium,Baseline FY26,North America,NK-AP-IC-3858,1561.5703440984896
Dhaka Garments,Baseline FY26,APLA,NK-BK-KD16-7309,2115.828781691186
Guangzhou Footwear,Baseline FY26,Greater China,NK-AP-ECT-7447,9392.667890336512
Guangzhou Footwear,Baseline FY26,APLA,NK-BK-L21-2853,3154.893816108152
Jakarta Apparel,Baseline FY26,Greater China,NK-BK-L21-1501,5577.30003583096
Guangzhou Footwear,Baseline FY26,North America,NK-AP-ACG-5414,6986.672423213905
Dhaka Garments,Baseline FY26,North America,NK-CV-L-1266,2311.8510986822903
Jakarta Apparel,Baseline FY26,EMEA,NK-AP-ACG-1729,8958.790921383865
Saigon Premium,Baseline FY26,Greater China,NK-AP-YLL-3786,3140.4177989776863
Dhaka Garments,Baseline FY26,EMEA,NK-RT-3-9945,2095.1630113481083
Guangzhou Footwear,Baseline FY26,Greater China,NK-AM-90-2249,5790.161597367594
Chennai Textiles,Baseline FY26,Greater China,NK-AP-PDF-9093,2746.334707421886
Dhaka Garments,Baseline FY26,EMEA,NK-ZP-40-1793,9919.309904253983
Monterrey Logistics,Baseline FY26,Greater China,NK-AP-ACG-6780,4796.808928055831
Dhaka Garments,Baseline FY26,North America,NK-AP-PDF-9847,4547.1317655520925
Dhaka Garments,Baseline FY26,EMEA,NK-AP-PDF-9289,5828.246643458609
Monterrey Logistics,Baseline FY26,North America,NK-RA-RW-9434,8770.24761622558
Jakarta Apparel,Baseline FY26,EMEA,NK-AM-90-2249,5882.709822149512
Dhaka Garments,Baseline FY26,North America,NK-AM-90-9134,1616.952759959247
Saigon Premium,Baseline FY26,Greater China,NK-CV-L-1266,9032.805327214302
Guangzhou Footwear,Baseline FY26,APLA,NK-AP-IC-3688,1447.6833708084555
Guangzhou Footwear,Baseline FY26,North America,NK-MT-9-9498,8727.5016754115
Chennai Textiles,Baseline FY26,APLA,NK-BK-KD16-9272,4581.820545446426
Jakarta Apparel,Baseline FY26,Greater China,NK-BZ-77-2517,5063.661114732484
Guangzhou Footwear,Baseline FY26,North America,NK-AP-YLL-5919,6463.316627571321
Monterrey Logistics,Baseline FY26,APLA,NK-AP-SFJ-2689,1090.1907796953396
Jakarta Apparel,Baseline FY26,North America,NK-BK-L21-8996,9802.885588581245
Guangzhou Footwear,Baseline FY26,North America,NK-AP-PDF-4347,7440.5571527973625
Dhaka Garments,Baseline FY26,North America,NK-IV-3-9934,2488.0120306872104
Saigon Premium,Baseline FY26,EMEA,NK-AP-PDF-4621,3929.3172421109057
Chennai Textiles,Baseline FY26,EMEA,NK-SB-DLP-8097,2270.52579465491
Chennai Textiles,Baseline FY26,APLA,NK-AP-TJ-9028,8489.599907263499
Monterrey Logistics,Baseline FY26,APLA,NK-VF-3-6864,5602.293297468729
Chennai Textiles,Baseline FY26,APLA,NK-AP-YLL-7903,1553.630161082705
Saigon Premium,Baseline FY26,EMEA,NK-AP-ECT-3772,3538.4232703654725
Dhaka Garments,Baseline FY26,Greater China,NK-AP-ACG-5386,9519.069649774301
Saigon Premium,Baseline FY26,EMEA,NK-IV-3-8276,7584.869953530568
Monterrey Logistics,Baseline FY26,EMEA,NK-AP-SFJ-5287,1652.6681459717392
Guangzhou Footwear,Baseline FY26,North America,NK-BZ-77-8576,8630.20976596111
Jakarta Apparel,Baseline FY26,EMEA,NK-AP-IC-8458,1378.4048744034428
Jakarta Apparel,Baseline FY26,Greater China,NK-MT-9-6920,5539.2410835905675
Dhaka Garments,Baseline FY26,North America,NK-AP-YLL-4689,7799.36568151255
Saigon Premium,Baseline FY26,EMEA,NK-VF-3-5286,4892.468189921566
Saigon Premium,Baseline FY26,EMEA,NK-SB-DLP-2423,1360.4565198480268
Guangzhou Footwear,Baseline FY26,APLA,NK-AP-TJ-3090,9062.175673227754
Guangzhou Footwear,Baseline FY26,EMEA,NK-JD-SL3-6630,8559.396842475231
Guangzhou Footwear,Baseline FY26,North America,NK-BK-JA1-1213,8468.132884891205
Guangzhou Footwear,Baseline FY26,North America,NK-BK-KD16-6973,4951.243544977897
Dhaka Garments,Baseline FY26,APLA,NK-BK-JA1-4485,9958.3112880188
Monterrey Logistics,Baseline FY26,Greater China,NK-BK-KD16-6643,7449.367585532685
Saigon Premium,Baseline FY26,North America,NK-CV-L-4297,1694.1117681456008
Saigon Premium,Baseline FY26,Greater China,NK-MT-9-2690,8966.828640417447
Dhaka Garments,Baseline FY26,North America,NK-AM-270-1204,2754.767452050018
Dhaka Garments,Baseline FY26,North America,NK-AP-ACG-4900,9060.360204315934
Dhaka Garments,Baseline FY26,EMEA,NK-AP-PDF-7505,4641.701503013002
Dhaka Garments,Baseline FY26,North America,NK-AP-TJ-3341,5381.918254563647
Monterrey Logistics,Baseline FY26,EMEA,NK-AP-PDF-4578,3853.3183577765535
Jakarta Apparel,Baseline FY26,APLA,NK-BZ-77-9306,9881.639971752153
Guangzhou Footwear,Baseline FY26,North America,NK-AP-ACG-8270,7696.782485491283
Monterrey Logistics,Baseline FY26,EMEA,NK-AP-PDF-8902,1733.1090411338191
Chennai Textiles,Baseline FY26,EMEA,NK-BZ-77-4542,7652.237530828579
Saigon Premium,Baseline FY26,EMEA,NK-AP-ACG-4267,3550.1051977005795
Chennai Textiles,Baseline FY26,EMEA,NK-AM-PLS-2006,8729.328329525788
Monterrey Logistics,Baseline FY26,EMEA,NK-AP-ACG-5543,4433.722896688307
Dhaka Garments,Baseline FY26,Greater China,NK-AP-ECT-4074,3708.9491407779315
Guangzhou Footwear,Baseline FY26,North America,NK-JD-SL3-3579,8616.344236419942
Monterrey Logistics,Baseline FY26,Greater China,NK-AP-TJ-2030,9270.993216611052
Chennai Textiles,Baseline FY26,Greater China,NK-AP-ACG-3662,7917.923108513641
Monterrey Logistics,Baseline FY26,APLA,NK-AP-PDF-8565,5444.213526156567
Dhaka Garments,Baseline FY26,APLA,NK-AP-SFJ-9709,3663.673222331376
Saigon Premium,Baseline FY26,North America,NK-AM-90-3115,9589.153425486134
Dhaka Garments,Baseline FY26,APLA,NK-BK-L21-7325,1806.2253764320094
Chennai Textiles,Baseline FY26,EMEA,NK-AP-ACG-9594,3233.5816082401475
Chennai Textiles,Baseline FY26,EMEA,NK-ZP-40-5632,2378.2183173978974
Dhaka Garments,Baseline FY26,APLA,NK-AP-ECT-9433,1063.0475564068126
Dhaka Garments,Baseline FY26,Greater China,NK-IV-3-6591,3711.400986478119
Chennai Textiles,Baseline FY26,EMEA,NK-RT-3-8244,5443.012101413934
Chennai Textiles,Baseline FY26,APLA,NK-RT-3-2675,6195.057101297607
Saigon Premium,Baseline FY26,EMEA,NK-BK-KD16-2895,6193.048053327005
Guangzhou Footwear,Baseline FY26,North America,NK-ZP-40-1674,7151.016425255046
Dhaka Garments,Baseline FY26,Greater China,NK-CV-L-2337,2865.675613780372
Monterrey Logistics,Baseline FY26,North America,NK-AP-ACG-8744,2463.7928460470175
Saigon Premium,Baseline FY26,Greater China,NK-AP-ACG-9375,4502.642086370598
Dhaka Garments,Baseline FY26,EMEA,NK-AP-ECT-2690,8003.961329190642
Monterrey Logistics,Baseline FY26,EMEA,NK-AP-ACG-7753,7884.653656454901
Dhaka Garments,Baseline FY26,EMEA,NK-AP-YLL-3706,2061.411309254125
Jakarta Apparel,Baseline FY26,North America,NK-AP-ECT-4074,3146.496308920763
Dhaka Garments,Baseline FY26,APLA,NK-AP-ECT-3092,3934.0441070467305
Saigon Premium,Baseline FY26,APLA,NK-CV-L-7849,2607.5347014049357
Chennai Textiles,Baseline FY26,EMEA,NK-IV-3-9934,5244.038834953649
Jakarta Apparel,Baseline FY26,North America,NK-RT-3-2274,3625.5958496983085
Guangzhou Footwear,Baseline FY26,North America,NK-AP-PDF-3887,2870.5315825309854
Guangzhou Footwear,Baseline FY26,APLA,NK-AP-PDF-1496,1592.1232063102034
Monterrey Logistics,Baseline FY26,APLA,NK-VF-3-8154,5210.474659654095
Chennai Textiles,Baseline FY26,Greater China,NK-AM-90-4006,4890.173124680974
Jakarta Apparel,Baseline FY26,APLA,NK-VF-3-8121,9597.31803122279
Jakarta Apparel,Baseline FY26,APLA,NK-RT-3-2037,3814.997284923512
Dhaka Garments,Baseline FY26,EMEA,NK-AP-ACG-5992,1515.0078564209293
Guangzhou Footwear,Baseline FY26,APLA,NK-AP-SFJ-8720,4627.280962950436
Jakarta Apparel,Baseline FY26,EMEA,NK-VF-3-9127,2410.9753129279898
Chennai Textiles,Baseline FY26,APLA,NK-ZP-40-6036,4643.248987633293
Monterrey Logistics,Baseline FY26,North America,NK-ZP-40-7360,3111.3361505343564
Chennai Textiles,Baseline FY26,North America,NK-ZP-40-8413,7506.418688453979
Monterrey Logistics,Baseline FY26,APLA,NK-ZP-40-9747,2267.9138138863996
Dhaka Garments,Baseline FY26,Greater China,NK-MT-9-4003,2493.1961547167034
Saigon Premium,Baseline FY26,EMEA,NK-IV-3-4250,6580.83907138002
Saigon Premium,Baseline FY26,EMEA,NK-AM-90-8606,1473.9470925499677
Monterrey Logistics,Baseline FY26,APLA,NK-MT-9-9927,8656.876313708322
Saigon Premium,Baseline FY26,EMEA,NK-IV-3-5462,4453.263247992043
Jakarta Apparel,Baseline FY26,Greater China,NK-AP-PDF-8864,3974.5496034527387
Monterrey Logistics,Baseline FY26,North America,NK-BZ-77-8722,8533.157228952448
Monterrey Logistics,Baseline FY26,EMEA,NK-RA-RW-9975,4815.862417335714
Jakarta Apparel,Baseline FY26,Greater China,NK-RT-3-7055,3558.1837878171737
Saigon Premium,Baseline FY26,EMEA,NK-AP-TJ-2030,2570.571061294099
Saigon Premium,Baseline FY26,Greater China,NK-AP-YLL-3706,6945.35606423059
Dhaka Garments,Baseline FY26,North America,NK-AM-90-6034,6142.288574295148
Guangzhou Footwear,Baseline FY26,Greater China,NK-BK-KD16-5288,1407.9627497996817
Saigon Premium,Baseline FY26,APLA,NK-AP-PDF-5946,9609.075285408479
Dhaka Garments,Baseline FY26,APLA,NK-AP-ACG-4227,4257.597812831715
Jakarta Apparel,Baseline FY26,North America,NK-VF-3-3735,8111.643295227979
Saigon Premium,Baseline FY26,APLA,NK-AP-YLL-7229,5602.751121025576
Saigon Premium,Baseline FY26,EMEA,NK-AP-ACG-4735,4830.531604480007
Guangzhou Footwear,Baseline FY26,North America,NK-AM-PLS-8584,5151.815901406285
Monterrey Logistics,Baseline FY26,North America,NK-VF-3-9417,9145.959157972262
Dhaka Garments,Baseline FY26,APLA,NK-VF-3-6512,7335.4246705566065
Guangzhou Footwear,Baseline FY26,EMEA,NK-IV-3-1379,3381.047944009438
Monterrey Logistics,Baseline FY26,Greater China,NK-SB-DLP-6839,9948.042923290288
Saigon Premium,Baseline FY26,Greater China,NK-BK-JA1-6996,7128.261383317364
Dhaka Garments,Baseline FY26,Greater China,NK-RA-RW-7361,6587.3375648662895
Dhaka Garments,Baseline FY26,North America,NK-BK-KD16-2895,1751.2244593077464
Jakarta Apparel,Baseline FY26,Greater China,NK-ZP-40-8542,6220.49995147574
Chennai Textiles,Baseline FY26,North America,NK-RT-3-6708,4360.740616592544
Jakarta Apparel,Baseline FY26,EMEA,NK-CV-L-8296,8488.007912504168
Saigon Premium,Baseline FY26,APLA,NK-AP-IC-1087,5027.361735808627
Saigon Premium,Baseline FY26,Greater China,NK-RA-RW-9253,2091.7786265587206
Saigon Premium,Baseline FY26,North America,NK-AM-90-8606,3869.168924211597
Dhaka Garments,Baseline FY26,APLA,NK-ZP-40-4704,6215.561756834408
Jakarta Apparel,Baseline FY26,APLA,NK-ZP-40-4396,7718.41602245902
Guangzhou Footwear,Baseline FY26,North America,NK-MT-9-6455,8296.594825449207
Dhaka Garments,Baseline FY26,EMEA,NK-AP-TJ-8716,2533.232754000825
Dhaka Garments,Baseline FY26,Greater China,NK-SB-DLP-4552,6471.717776821258
Jakarta Apparel,Baseline FY26,APLA,NK-AP-IC-6486,2446.458377585397
Chennai Textiles,Baseline FY26,APLA,NK-AP-IC-8567,6834.982546467215
Saigon Premium,Baseline FY26,EMEA,NK-RA-RW-7408,6734.47607687676
Monterrey Logistics,Baseline FY26,Greater China,NK-BK-L21-7449,8364.383871531572
Chennai Textiles,Baseline FY26,APLA,NK-IV-3-3047,9519.877790968454
Chennai Textiles,Baseline FY26,EMEA,NK-BK-L21-6072,4437.4023760726695
Guangzhou Footwear,Baseline FY26,EMEA,NK-AP-SFJ-5844,7805.9036709181555
Guangzhou Footwear,Baseline FY26,North America,NK-AP-SFJ-1905,7252.723214415915
Dhaka Garments,Baseline FY26,Greater China,NK-AM-90-4006,5823.045617847283
Saigon Premium,Baseline FY26,APLA,NK-RA-RM-7934,2515.0559473715566
Dhaka Garments,Baseline FY26,Greater China,NK-SB-DLP-5268,2765.2897532801007
Saigon Premium,Baseline FY26,APLA,NK-AP-ACG-5265,2432.6416255752774
Jakarta Apparel,Baseline FY26,Greater China,NK-AP-IC-1020,5229.621279704697
Chennai Textiles,Baseline FY26,Greater China,NK-AP-ECT-1962,4404.641206289785
Chennai Textiles,Baseline FY26,APLA,NK-AP-IC-4170,5879.05467750073
Saigon Premium,Baseline FY26,North America,NK-MT-9-3812,5653.5104201181275
Dhaka Garments,Baseline FY26,Greater China,NK-BK-KD16-7867,2254.0674243293633
Monterrey Logistics,Baseline FY26,APLA,NK-AP-SFJ-4490,7011.565888118008
Chennai Textiles,Baseline FY26,North America,NK-RA-RM-4966,7276.264058932781
Dhaka Garments,Baseline FY26,APLA,NK-BZ-77-4542,8463.273914013367
Monterrey Logistics,Baseline FY26,APLA,NK-AP-ECT-2220,3534.79657586964
Dhaka Garments,Baseline FY26,EMEA,NK-BK-KD16-2895,5315.274964785226
Saigon Premium,Baseline FY26,Greater China,NK-BZ-77-9905,3128.3103685466044
Saigon Premium,Baseline FY26,EMEA,NK-AP-YLL-5292,5062.051892945465
Monterrey Logistics,Baseline FY26,APLA,NK-AP-IC-7444,1266.0081724200647
Saigon Premium,Baseline FY26,Greater China,NK-AM-90-9134,5467.1726648545555
Dhaka Garments,Baseline FY26,EMEA,NK-AP-PDF-4195,5798.968570295902
Chennai Textiles,Baseline FY26,EMEA,NK-AP-YLL-4162,2771.968142596447
Saigon Premium,Baseline FY26,North America,NK-BK-KD16-5288,6811.812813601823
Guangzhou Footwear,Baseline FY26,APLA,NK-ZP-40-3637,5912.394198568695
Chennai Textiles,Baseline FY26,EMEA,NK-ZP-40-5632,3723.364659769544
Jakarta Apparel,Baseline FY26,Greater China,NK-BK-JA1-2276,6739.375886425712
Guangzhou Footwear,Baseline FY26,APLA,NK-RA-RM-8558,7953.055401557852
Saigon Premium,Baseline FY26,APLA,NK-VF-3-7254,9904.309765669137
Guangzhou Footwear,Baseline FY26,North America,NK-AP-SFJ-8003,4760.513206984144
Guangzhou Footwear,Baseline FY26,Greater China,NK-BK-KD16-7309,8499.385608454542
Guangzhou Footwear,Baseline FY26,North America,NK-BZ-77-1101,6450.980402517961
Chennai Textiles,Baseline FY26,Greater China,NK-AP-SFJ-1557,3715.0683061633413
Jakarta Apparel,Baseline FY26,EMEA,NK-AM-270-8474,9908.382793492197
Chennai Textiles,Baseline FY26,North America,NK-CV-L-1208,4752.184463087613
Dhaka Garments,Baseline FY26,APLA,NK-AP-ACG-5442,6731.224289555438
Chennai Textiles,Baseline FY26,EMEA,NK-AM-270-5819,2627.2984637200234
Jakarta Apparel,Baseline FY26,Greater China,NK-SB-DLP-7916,8947.519989980148
Saigon Premium,Baseline FY26,EMEA,NK-RA-RM-6398,7267.432455636034
Monterrey Logistics,Baseline FY26,Greater China,NK-AP-ECT-6140,9650.430855629415
Guangzhou Footwear,Baseline FY26,EMEA,NK-ZP-40-3353,4923.840558195081
Saigon Premium,Baseline FY26,North America,NK-AP-ACG-7870,5469.971026447865
Chennai Textiles,Baseline FY26,APLA,NK-VF-3-1627,7003.709096015278
Chennai Textiles,Baseline FY26,APLA,NK-VF-3-9528,6572.81163553974
Chennai Textiles,Baseline FY26,North America,NK-ZP-40-4486,6807.196703283298
Monterrey Logistics,Baseline FY26,EMEA,NK-AP-ACG-3029,3519.137861236948
Saigon Premium,Baseline FY26,North America,NK-BK-KD16-5735,5108.66551449263
Saigon Premium,Baseline FY26,APLA,NK-RA-RW-3142,9461.149676565476
Monterrey Logistics,Baseline FY26,North America,NK-ZP-40-1674,8442.65138716638
Dhaka Garments,Baseline FY26,APLA,NK-RA-RW-7298,6439.224447398952
Jakarta Apparel,Baseline FY26,APLA,NK-RA-RW-1787,9484.512879398839
Dhaka Garments,Baseline FY26,North America,NK-RA-RW-1984,9115.141632256702
Jakarta Apparel,Baseline FY26,Greater China,NK-AM-270-6751,7437.542336598921
Guangzhou Footwear,Baseline FY26,Greater China,NK-BK-KD16-1627,7808.39928200478
Chennai Textiles,Baseline FY26,North America,NK-RA-RM-8935,9590.425738508926
Saigon Premium,Baseline FY26,APLA,NK-AP-ACG-7448,7050.184110412577
Saigon Premium,Baseline FY26,Greater China,NK-ZP-40-7569,1478.0296798724507
Jakarta Apparel,Baseline FY26,Greater China,NK-RA-RM-2234,6852.523740958844
Chennai Textiles,Baseline FY26,APLA,NK-IV-3-8276,8017.29954821622
Jakarta Apparel,Baseline FY26,North America,NK-JD-SL3-2176,4578.781844113188
Chennai Textiles,Baseline FY26,North America,NK-AP-PDF-8706,5969.308231851149
Guangzhou Footwear,Baseline FY26,North America,NK-AP-PDF-1854,7538.310215499677
Jakarta Apparel,Baseline FY26,North America,NK-BK-KD16-7948,3464.5011434414178
Monterrey Logistics,Baseline FY26,APLA,NK-BK-KD16-6025,3146.3021064771556
Jakarta Apparel,Baseline FY26,Greater China,NK-RT-3-9042,4059.1441066328257
Saigon Premium,Baseline FY26,North America,NK-AP-PDF-8144,8628.905934171882
Saigon Premium,Baseline FY26,Greater China,NK-ZP-40-8827,4720.4755416461
Chennai Textiles,Baseline FY26,North America,NK-AP-ACG-4735,8654.599978758373
Dhaka Garments,Baseline FY26,APLA,NK-AM-270-2289,2282.21164885918
Guangzhou Footwear,Baseline FY26,APLA,NK-ZP-40-4704,5057.922687385459
Dhaka Garments,Baseline FY26,APLA,NK-VF-3-7232,2266.040107897093
Saigon Premium,Baseline FY26,Greater China,NK-AM-PLS-6452,1890.2086638190249
Dhaka Garments,Baseline FY26,EMEA,NK-AP-PDF-9093,6046.789929977725
Dhaka Garments,Baseline FY26,Greater China,NK-AP-ECT-2427,9160.993450204678
Chennai Textiles,Baseline FY26,APLA,NK-RA-RW-5422,2914.4470160290975
Jakarta Apparel,Baseline FY26,North America,NK-AM-270-8559,7272.870933069517
Guangzhou Footwear,Baseline FY26,Greater China,NK-VF-3-8796,5018.731149875608
Jakarta Apparel,Baseline FY26,EMEA,NK-AM-PLS-4975,1278.1793470204066
Guangzhou Footwear,Baseline FY26,Greater China,NK-AP-ACG-2922,7085.622573599487
Guangzhou Footwear,Baseline FY26,APLA,NK-SB-DLP-7658,1581.0808417540923
Saigon Premium,Baseline FY26,EMEA,NK-CV-L-1166,9376.985502496522
Dhaka Garments,Baseline FY26,APLA,NK-AM-270-1595,8604.790824196069
Dhaka Garments,Baseline FY26,North America,NK-VF-3-3448,3817.5778118729895
Jakarta Apparel,Baseline FY26,Greater China,NK-AP-SFJ-1557,5968.457872168695
Guangzhou Footwear,Baseline FY26,North America,NK-AP-TJ-6859,8259.052832240235
Chennai Textiles,Baseline FY26,EMEA,NK-BK-L21-7325,8940.079002532797
Chennai Textiles,Baseline FY26,North America,NK-AP-YLL-9845,5663.862001795134
Monterrey Logistics,Baseline FY26,APLA,NK-AP-PDF-8824,9963.582745552178
Jakarta Apparel,Baseline FY26,Greater China,NK-AP-ECT-9309,4869.548479458989
Monterrey Logistics,Baseline FY26,Greater China,NK-AP-ACG-5992,7826.6800666746185
Monterrey Logistics,Baseline FY26,Greater China,NK-VF-3-3556,3085.6699726210154
Monterrey Logistics,Baseline FY26,Greater China,NK-AP-ACG-1370,9930.963701924338
Dhaka Garments,Baseline FY26,Greater China,NK-RA-RM-7700,5761.822656539995
Monterrey Logistics,Baseline FY26,North America,NK-RT-3-6643,6555.711437054592
Dhaka Garments,Baseline FY26,EMEA,NK-BZ-77-6854,6026.40378654781
Dhaka Garments,Baseline FY26,North America,NK-AP-ACG-2250,3679.3620450839403
Guangzhou Footwear,Baseline FY26,APLA,NK-BK-KD16-7867,2882.8392075633515
Dhaka Garments,Baseline FY26,EMEA,NK-AM-90-8043,4045.2343768800724
Dhaka Garments,Baseline FY26,APLA,NK-BK-JA1-8494,5418.685829441016
Guangzhou Footwear,Baseline FY26,EMEA,NK-BK-L21-7325,2394.904035249653
Saigon Premium,Baseline FY26,North America,NK-AP-SFJ-6947,8302.062571922703
Dhaka Garments,Baseline FY26,North America,NK-SB-DLP-5404,1907.7896865833363
Monterrey Logistics,Baseline FY26,Greater China,NK-AP-ACG-1499,4078.4371625824756
Saigon Premium,Baseline FY26,Greater China,NK-AP-ACG-9736,7800.634295838938
Monterrey Logistics,Baseline FY26,APLA,NK-AP-TJ-9993,1169.6226034842994
Monterrey Logistics,Baseline FY26,EMEA,NK-IV-3-6777,5114.227496532812
Chennai Textiles,Baseline FY26,APLA,NK-CV-L-3896,6346.583714498924
Chennai Textiles,Baseline FY26,Greater China,NK-ZP-40-5638,2270.599379006833
Guangzhou Footwear,Baseline FY26,APLA,NK-AP-PDF-8553,4518.632435019346
Saigon Premium,Baseline FY26,Greater China,NK-AP-IC-4692,3224.036667468313
Dhaka Garments,Baseline FY26,North America,NK-AP-SFJ-5287,5040.27856748508
Chennai Textiles,Baseline FY26,APLA,NK-VF-3-4549,3272.323841536517
Monterrey Logistics,Baseline FY26,EMEA,NK-AP-YLL-1288,3234.8740230031126
Guangzhou Footwear,Baseline FY26,North America,NK-AP-ECT-4364,4348.129530458735
Chennai Textiles,Baseline FY26,North America,NK-AP-PDF-8565,3752.510433933086
Chennai Textiles,Baseline FY26,North America,NK-SB-DLP-5319,8827.633406406483
Guangzhou Footwear,Baseline FY26,North America,NK-AP-SFJ-1194,6738.060320987392
Monterrey Logistics,Baseline FY26,EMEA,NK-IV-3-8860,9932.00808181362
Jakarta Apparel,Baseline FY26,EMEA,NK-BZ-77-7870,4266.337875553601
Jakarta Apparel,Baseline FY26,North America,NK-AP-IC-4029,9055.063004319392
Monterrey Logistics,Baseline FY26,APLA,NK-RA-RM-6835,8212.510769426197
Saigon Premium,Baseline FY26,Greater China,NK-AP-ECT-4179,7016.674381813095
Dhaka Garments,Baseline FY26,Greater China,NK-IV-3-9198,3170.98400068163
Dhaka Garments,Baseline FY26,APLA,NK-AM-270-1921,3782.714106275508
Monterrey Logistics,Baseline FY26,North America,NK-AP-IC-8242,6141.986292020768
Dhaka Garments,Baseline FY26,APLA,NK-AM-90-8606,7786.78568797042
Guangzhou Footwear,Baseline FY26,EMEA,NK-SB-DLP-1201,7212.148381838045
Monterrey Logistics,Baseline FY26,EMEA,NK-AP-IC-6351,7072.512546883965
Guangzhou Footwear,Baseline FY26,EMEA,NK-RT-3-2274,4301.759040385623
Guangzhou Footwear,Baseline FY26,EMEA,NK-AP-TJ-3106,8804.279209347693
Jakarta Apparel,Baseline FY26,APLA,NK-BK-L21-7688,5563.128928703129
Guangzhou Footwear,Baseline FY26,Greater China,NK-CV-L-9726,8827.628458530833
Dhaka Garments,Baseline FY26,EMEA,NK-VF-3-3856,4823.727026053698
Jakarta Apparel,Baseline FY26,North America,NK-RA-RM-7700,4010.144584049311
Jakarta Apparel,Baseline FY26,APLA,NK-AP-IC-5748,9121.735365438666
Chennai Textiles,Baseline FY26,North America,NK-JD-SL3-3620,6808.93886296305
Saigon Premium,Baseline FY26,Greater China,NK-RA-RW-4662,4590.840752138069
Saigon Premium,Baseline FY26,North America,NK-CV-L-6472,4220.868147080939
Guangzhou Footwear,Baseline FY26,APLA,NK-AP-IC-3010,6806.913222583511
Jakarta Apparel,Baseline FY26,North America,NK-AP-ACG-7143,4779.963692652327
Jakarta Apparel,Baseline FY26,APLA,NK-AP-ECT-2313,9425.313308740848
Jakarta Apparel,Baseline FY26,Greater China,NK-CV-L-3601,3095.0717595081355
Monterrey Logistics,Baseline FY26,North America,NK-AP-YLL-6906,5835.410552266036
Jakarta Apparel,Baseline FY26,North America,NK-AP-PDF-4843,2081.6226653469885
Monterrey Logistics,Baseline FY26,EMEA,NK-ZP-40-6927,7493.793583890916
Dhaka Garments,Baseline FY26,Greater China,NK-AP-ECT-2173,3720.582319805565
Monterrey Logistics,Baseline FY26,North America,NK-AP-IC-4029,7952.175248110542
Jakarta Apparel,Baseline FY26,EMEA,NK-AP-SFJ-1108,5251.361254195285
Dhaka Garments,Baseline FY26,North America,NK-AP-IC-8442,9402.245738773781
Saigon Premium,Baseline FY26,North America,NK-AP-IC-3732,1705.1152801524333
Jakarta Apparel,Baseline FY26,North America,NK-SB-DLP-1663,6589.997313389895
Guangzhou Footwear,Baseline FY26,North America,NK-MT-9-9927,6968.901151828084
Guangzhou Footwear,Baseline FY26,EMEA,NK-AM-90-3306,3368.4496053392904
Saigon Premium,Baseline FY26,North America,NK-AP-TJ-2165,7615.008408776954
Chennai Textiles,Baseline FY26,Greater China,NK-JD-SL3-8651,5837.386110429834
Guangzhou Footwear,Baseline FY26,APLA,NK-CV-L-3145,6179.408849781555
Monterrey Logistics,Baseline FY26,EMEA,NK-SB-DLP-1201,2291.4262248379455
Guangzhou Footwear,Baseline FY26,APLA,NK-BK-KD16-6973,3679.593627267343
Guangzhou Footwear,Baseline FY26,North America,NK-RA-RW-6250,9102.252977265081
Monterrey Logistics,Baseline FY26,APLA,NK-AP-ACG-4873,9722.269327291253
Chennai Textiles,Baseline FY26,EMEA,NK-AP-SFJ-2379,7404.131869618426
Jakarta Apparel,Baseline FY26,APLA,NK-AP-YLL-7903,9414.420614664268
Monterrey Logistics,Baseline FY26,APLA,NK-AP-YLL-6079,6784.021439169794
Jakarta Apparel,Baseline FY26,APLA,NK-JD-SL3-8635,9215.421140046099
Guangzhou Footwear,Baseline FY26,EMEA,NK-AP-PDF-5693,5341.258677074691
Jakarta Apparel,Baseline FY26,EMEA,NK-BZ-77-5958,9603.530740800557
Jakarta Apparel,Baseline FY26,Greater China,NK-AP-YLL-7065,6490.174863558828
Monterrey Logistics,Baseline FY26,APLA,NK-AP-SFJ-2904,4908.993904597404
Dhaka Garments,Baseline FY26,North America,NK-BZ-77-5735,9827.956736381882
Dhaka Garments,Baseline FY26,North America,NK-AM-90-8736,2868.881751516586
Chennai Textiles,Baseline FY26,North America,NK-CV-L-2668,3295.3787945426407
Monterrey Logistics,Baseline FY26,North America,NK-AP-TJ-5485,7756.047011349052
Chennai Textiles,Baseline FY26,North America,NK-BK-JA1-2770,4928.016398280066
Chennai Textiles,Baseline FY26,EMEA,NK-AP-ECT-1073,2420.035626081173
Chennai Textiles,Baseline FY26,Greater China,NK-CV-L-1166,8111.862120710307
Saigon Premium,Baseline FY26,EMEA,NK-AM-270-3947,3530.9075652048564
Monterrey Logistics,Baseline FY26,North America,NK-RA-RW-1847,6053.027536668875
Guangzhou Footwear,Baseline FY26,Greater China,NK-AP-IC-2070,5305.557806857653
Saigon Premium,Baseline FY26,EMEA,NK-AP-IC-1647,7269.059871978744
Chennai Textiles,Baseline FY26,Greater China,NK-CV-L-1023,3631.2032500112923
Saigon Premium,Baseline FY26,North America,NK-VF-3-6057,2163.783532408262
Dhaka Garments,Baseline FY26,Greater China,NK-AP-TJ-9243,4839.276368128525
Saigon Premium,Baseline FY26,EMEA,NK-ZP-40-1486,1613.7023453055426
Guangzhou Footwear,Baseline FY26,EMEA,NK-BZ-77-2218,8956.524678365598
Jakarta Apparel,Baseline FY26,North America,NK-AP-ACG-2415,2333.074054899017
Jakarta Apparel,Baseline FY26,North America,NK-IV-3-4087,9219.544134529071
Guangzhou Footwear,Baseline FY26,APLA,NK-BK-L21-7598,2263.6492519306726
Jakarta Apparel,Baseline FY26,Greater China,NK-IV-3-2027,6036.476412007577
Dhaka Garments,Baseline FY26,EMEA,NK-AP-TJ-8332,7900.350584145519
Monterrey Logistics,Baseline FY26,EMEA,NK-AP-TJ-8861,5015.129145326508
Saigon Premium,Baseline FY26,Greater China,NK-AP-IC-8338,5523.6559588012515
Monterrey Logistics,Baseline FY26,EMEA,NK-AP-SFJ-8792,8534.611332308481
Guangzhou Footwear,Baseline FY26,Greater China,NK-RA-RM-7934,6643.485876451168
Jakarta Apparel,Baseline FY26,EMEA,NK-VF-3-7254,5791.317138310361
Monterrey Logistics,Baseline FY26,Greater China,NK-RA-RW-6498,3131.7130582912687
Monterrey Logistics,Baseline FY26,Greater China,NK-MT-9-3169,7263.776376513094
Saigon Premium,Baseline FY26,Greater China,NK-AM-90-8814,2322.2652682456064
Dhaka Garments,Baseline FY26,APLA,NK-AP-SFJ-9709,1427.3255209649028
Dhaka Garments,Baseline FY26,North America,NK-AP-SFJ-2897,7464.609074020703
Monterrey Logistics,Baseline FY26,EMEA,NK-AP-ECT-9121,8144.88453059551
Guangzhou Footwear,Baseline FY26,EMEA,NK-AM-PLS-8076,3716.996008501816
Jakarta Apparel,Baseline FY26,APLA,NK-AP-ECT-6431,9380.54912506884
Chennai Textiles,Baseline FY26,EMEA,NK-AP-YLL-5236,1850.0896571781586
Chennai Textiles,Baseline FY26,APLA,NK-CV-L-9737,3358.6122397559757
Monterrey Logistics,Baseline FY26,EMEA,NK-RT-3-3979,9921.055493733737
Monterrey Logistics,Baseline FY26,APLA,NK-AP-ECT-6754,6723.3644352946
Saigon Premium,Baseline FY26,APLA,NK-RA-RM-4966,3764.2506093332186
Saigon Premium,Baseline FY26,APLA,NK-SB-DLP-1238,1849.9436673661933
Guangzhou Footwear,Baseline FY26,Greater China,NK-RA-RM-1099,3796.3519185618247
Chennai Textiles,Baseline FY26,North America,NK-RT-3-8244,7668.7621749915315
Chennai Textiles,Baseline FY26,APLA,NK-AP-ECT-4179,8130.0105718644845
Chennai Textiles,Baseline FY26,EMEA,NK-MT-9-4819,5055.227225849008
Dhaka Garments,Baseline FY26,EMEA,NK-AM-PLS-2578,9262.65402190268
Dhaka Garments,Baseline FY26,EMEA,NK-RA-RM-1186,3017.178636791952
Saigon Premium,Baseline FY26,APLA,NK-CV-L-5659,4706.6141509392
Monterrey Logistics,Baseline FY26,Greater China,NK-JD-SL3-6977,9028.08573304139
Saigon Premium,Baseline FY26,APLA,NK-RT-3-2223,9044.209654527198
Dhaka Garments,Baseline FY26,Greater China,NK-AM-PLS-9582,7644.807622611447
Guangzhou Footwear,Baseline FY26,Greater China,NK-BK-KD16-9760,9102.5537091534
Guangzhou Footwear,Baseline FY26,North America,NK-RT-3-6504,4939.887109963991
Guangzhou Footwear,Baseline FY26,North America,NK-AP-ACG-2652,1316.2498612161062
Dhaka Garments,Baseline FY26,North America,NK-BK-L21-1502,2778.914937531169
Monterrey Logistics,Baseline FY26,APLA,NK-CV-L-1995,7567.8040032939625
Saigon Premium,Baseline FY26,North America,NK-MT-9-8784,1661.699443212769
Monterrey Logistics,Baseline FY26,North America,NK-MT-9-4100,9391.898462356774
Chennai Textiles,Baseline FY26,EMEA,NK-SB-DLP-6839,3357.9443078588033
Guangzhou Footwear,Baseline FY26,Greater China,NK-RA-RM-3239,5732.589863203349
Dhaka Garments,Baseline FY26,North America,NK-IV-3-1129,2457.2741803901827
Monterrey Logistics,Baseline FY26,APLA,NK-SB-DLP-6139,4521.845673775042
Dhaka Garments,Baseline FY26,North America,NK-RA-RW-7991,5926.986910384934
Saigon Premium,Baseline FY26,North America,NK-MT-9-9927,7308.528224794474
Monterrey Logistics,Baseline FY26,North America,NK-AP-TJ-1865,5989.470612139082
Dhaka Garments,Baseline FY26,APLA,NK-RA-RW-1487,5909.926063799749
Monterrey Logistics,Baseline FY26,APLA,NK-IV-3-2027,7671.397554128038
Guangzhou Footwear,Baseline FY26,APLA,NK-RA-RM-1387,2593.725438431814
Saigon Premium,Baseline FY26,EMEA,NK-AP-PDF-3564,1444.7043356435079
Guangzhou Footwear,Baseline FY26,APLA,NK-BK-KD16-5438,2759.176241404387
Jakarta Apparel,Baseline FY26,APLA,NK-SB-DLP-3290,2081.572193879882
Monterrey Logistics,Baseline FY26,APLA,NK-BZ-77-9905,4856.929598876479
Chennai Textiles,Baseline FY26,EMEA,NK-AP-SFJ-6802,9098.647758451361
Guangzhou Footwear,Baseline FY26,North America,NK-AP-TJ-2975,7472.234838421978
Jakarta Apparel,Baseline FY26,EMEA,NK-AP-SFJ-7363,1623.8960250697005
Saigon Premium,Baseline FY26,EMEA,NK-AP-PDF-6823,8987.007636658862
Saigon Premium,Baseline FY26,Greater China,NK-AP-SFJ-4689,3681.2902667364647
Guangzhou Footwear,Baseline FY26,North America,NK-BZ-77-3380,2545.9614513864353
Guangzhou Footwear,Baseline FY26,North America,NK-BK-KD16-1338,3890.25889605792
Chennai Textiles,Baseline FY26,North America,NK-AM-90-2435,9313.384716736171
Guangzhou Footwear,Baseline FY26,Greater China,NK-AP-ECT-9824,5963.006054592629
Jakarta Apparel,Baseline FY26,Greater China,NK-JD-SL3-5603,5415.730094782634
Dhaka Garments,Baseline FY26,North America,NK-BK-KD16-2118,4642.66411929344
Monterrey Logistics,Baseline FY26,Greater China,NK-JD-SL3-7035,6950.155976776723
Jakarta Apparel,Baseline FY26,APLA,NK-MT-9-1256,6607.821803818019
Monterrey Logistics,Baseline FY26,APLA,NK-AP-TJ-1722,2231.9090300675334
Dhaka Garments,Baseline FY26,North America,NK-AP-ECT-6897,8818.61515311507
Guangzhou Footwear,Baseline FY26,Greater China,NK-BK-JA1-8146,5173.104734641353
Jakarta Apparel,Baseline FY26,APLA,NK-BZ-77-4542,2188.0734976243057
Saigon Premium,Baseline FY26,EMEA,NK-AP-ACG-3294,1331.5315453793792
Chennai Textiles,Baseline FY26,APLA,NK-AP-PDF-4578,2356.3770985204965
Guangzhou Footwear,Baseline FY26,APLA,NK-BK-L21-4065,2933.9703501080526
Jakarta Apparel,Baseline FY26,EMEA,NK-JD-SL3-7474,7985.678857475483
Dhaka Garments,Baseline FY26,Greater China,NK-AP-PDF-5794,9189.322295703334
Guangzhou Footwear,Baseline FY26,EMEA,NK-BK-L21-2340,5555.488995199029
Guangzhou Footwear,Baseline FY26,EMEA,NK-VF-3-9728,9252.881101533632
Monterrey Logistics,Baseline FY26,Greater China,NK-AP-ECT-4805,9148.942745140888
Guangzhou Footwear,Baseline FY26,EMEA,NK-AP-TJ-8493,5071.688956628042
Monterrey Logistics,Baseline FY26,EMEA,NK-AP-YLL-2294,1348.669392038108
Saigon Premium,Baseline FY26,EMEA,NK-RA-RM-2351,3778.7241805877843
Dhaka Garments,Baseline FY26,APLA,NK-RA-RW-5422,9213.062603400833
Monterrey Logistics,Baseline FY26,North America,NK-AM-270-2716,5701.989110885077
Jakarta Apparel,Baseline FY26,EMEA,NK-AP-ECT-3837,7254.474564412759
Guangzhou Footwear,Baseline FY26,APLA,NK-SB-DLP-7225,2266.4922173817586
Dhaka Garments,Baseline FY26,Greater China,NK-RA-RM-2859,2125.6616430046433
Dhaka Garments,Baseline FY26,APLA,NK-VF-3-7254,1320.524277562158
Saigon Premium,Baseline FY26,North America,NK-MT-9-8067,8955.307395118452
Chennai Textiles,Baseline FY26,Greater China,NK-AP-ECT-4125,1230.0993563063632
Jakarta Apparel,Baseline FY26,North America,NK-MT-9-2690,5518.347145748615
Chennai Textiles,Baseline FY26,North America,NK-BK-L21-1502,7365.8755318221265
Saigon Premium,Baseline FY26,EMEA,NK-AP-ECT-4446,6312.89459151365
Guangzhou Footwear,Baseline FY26,APLA,NK-AP-YLL-6276,1259.5181916375477
Chennai Textiles,Baseline FY26,EMEA,NK-AP-PDF-5100,3072.1392685210003
Jakarta Apparel,Baseline FY26,Greater China,NK-RA-RW-5325,9792.243915582532
Jakarta Apparel,Baseline FY26,APLA,NK-AP-SFJ-3685,5791.854333845682
Guangzhou Footwear,Baseline FY26,North America,NK-RT-3-1319,1374.3210006265579
Saigon Premium,Baseline FY26,APLA,NK-MT-9-8392,7562.362133838172
Chennai Textiles,Baseline FY26,APLA,NK-AM-90-1082,8289.396914304369
Saigon Premium,Baseline FY26,EMEA,NK-AM-90-7960,8301.648878294996
Chennai Textiles,Baseline FY26,EMEA,NK-RA-RW-9932,6186.925673329965
Jakarta Apparel,Baseline FY26,North America,NK-VF-3-8796,4816.040780047523
Chennai Textiles,Baseline FY26,EMEA,NK-BK-JA1-1876,1194.9438141667365
Chennai Textiles,Baseline FY26,EMEA,NK-AP-TJ-3106,7051.648587476053
Dhaka Garments,Baseline FY26,EMEA,NK-CV-L-9629,9508.862324795058
Chennai Textiles,Baseline FY26,North America,NK-CV-L-4986,5368.732603182883
Jakarta Apparel,Baseline FY26,APLA,NK-AP-ECT-7766,1563.293953458333
Saigon Premium,Baseline FY26,North America,NK-ZP-40-3067,1112.8559758917843
Monterrey Logistics,Baseline FY26,Greater China,NK-AP-TJ-3286,3756.329546496585
Saigon Premium,Baseline FY26,Greater China,NK-AP-PDF-2592,6303.14720704805
Jakarta Apparel,Baseline FY26,Greater China,NK-RT-3-2109,1369.8721336948288
Monterrey Logistics,Baseline FY26,Greater China,NK-AP-PDF-8900,3346.4259160878146
Dhaka Garments,Baseline FY26,North America,NK-BK-JA1-2770,3412.9573761659053
Jakarta Apparel,Baseline FY26,Greater China,NK-AP-ACG-9692,3393.067299949133
Monterrey Logistics,Baseline FY26,EMEA,NK-VF-3-8006,5269.777612735827
Dhaka Garments,Baseline FY26,Greater China,NK-CV-L-3601,6668.907420978678
Monterrey Logistics,Baseline FY26,Greater China,NK-VF-3-7232,4836.18160356092
Monterrey Logistics,Baseline FY26,EMEA,NK-JD-SL3-2939,4693.650954736282
Jakarta Apparel,Baseline FY26,EMEA,NK-SB-DLP-4439,2842.662795778534
Jakarta Apparel,Baseline FY26,EMEA,NK-AP-ACG-6780,6284.495560202137
Saigon Premium,Baseline FY26,North America,NK-VF-3-9728,6007.909714805539
Dhaka Garments,Baseline FY26,EMEA,NK-RA-RW-6177,1700.177334692405
Monterrey Logistics,Baseline FY26,EMEA,NK-BZ-77-8766,9513.804942552757
Monterrey Logistics,Baseline FY26,North America,NK-AP-YLL-2551,1221.5835187932905
Monterrey Logistics,Baseline FY26,EMEA,NK-SB-DLP-7154,3993.1517356553577
Saigon Premium,Baseline FY26,North America,NK-RA-RM-1186,4470.721824862148
Monterrey Logistics,Baseline FY26,EMEA,NK-AP-TJ-3853,4819.682313499012
Monterrey Logistics,Baseline FY26,North America,NK-AP-PDF-5320,4144.6028305376285
Chennai Textiles,Baseline FY26,Greater China,NK-AP-ECT-3772,1368.093345546882
Chennai Textiles,Baseline FY26,APLA,NK-AP-ECT-2304,6314.052351483471
Guangzhou Footwear,Baseline FY26,EMEA,NK-IV-3-9570,8578.600148078458
Monterrey Logistics,Baseline FY26,EMEA,NK-AM-PLS-9582,9988.890713324054
Guangzhou Footwear,Baseline FY26,Greater China,NK-AP-ACG-3310,1078.2962393019693
Monterrey Logistics,Baseline FY26,EMEA,NK-RA-RM-9321,9775.746901545888
Monterrey Logistics,Baseline FY26,EMEA,NK-VF-3-4115,9712.166808477725
Jakarta Apparel,Baseline FY26,North America,NK-IV-3-7252,6691.229886160541
Jakarta Apparel,Baseline FY26,APLA,NK-AP-YLL-6797,4070.8710090413347
Saigon Premium,Baseline FY26,APLA,NK-AP-SFJ-2937,3444.3442402882047
Chennai Textiles,Baseline FY26,North America,NK-IV-3-1841,7063.689685383322
Saigon Premium,Baseline FY26,Greater China,NK-AP-TJ-5491,4859.040820459699
Saigon Premium,Baseline FY26,APLA,NK-AM-270-5235,7213.201491703259
Monterrey Logistics,Baseline FY26,Greater China,NK-BK-L21-4823,4252.07304322699
Dhaka Garments,Baseline FY26,North America,NK-MT-9-8543,6035.099492335937
Monterrey Logistics,Baseline FY26,EMEA,NK-AP-YLL-7655,4702.235522136838
Guangzhou Footwear,Baseline FY26,North America,NK-AP-PDF-2653,2811.2284382516727
Dhaka Garments,Baseline FY26,Greater China,NK-BK-KD16-1627,8332.84209550079
Dhaka Garments,Baseline FY26,North America,NK-AP-ACG-4227,9065.351111374212
Chennai Textiles,Baseline FY26,Greater China,NK-BK-L21-7373,8933.726208407741
Monterrey Logistics,Baseline FY26,EMEA,NK-RA-RM-5599,8981.735271026228
Dhaka Garments,Baseline FY26,APLA,NK-AM-90-7774,2770.5949535857526
Guangzhou Footwear,Baseline FY26,APLA,NK-AM-90-3974,4493.206679561923
Dhaka Garments,Baseline FY26,APLA,NK-ZP-40-6643,1101.457823437378
Jakarta Apparel,Baseline FY26,EMEA,NK-AP-TJ-8330,4948.656881724442
Monterrey Logistics,Baseline FY26,APLA,NK-BK-KD16-4239,1024.6699181067306
Chennai Textiles,Baseline FY26,EMEA,NK-IV-3-4250,1825.8080842666946
Chennai Textiles,Baseline FY26,APLA,NK-AP-ACG-6892,4735.998966267141
Jakarta Apparel,Baseline FY26,North America,NK-IV-3-9198,3241.4895415482106
Jakarta Apparel,Baseline FY26,EMEA,NK-CV-L-9737,3389.563720428967
Jakarta Apparel,Baseline FY26,EMEA,NK-AP-SFJ-1123,4781.117931454092
Saigon Premium,Baseline FY26,Greater China,NK-RT-3-7657,8723.431316700564
Dhaka Garments,Baseline FY26,EMEA,NK-IV-3-2556,3874.6678226382237
Chennai Textiles,Baseline FY26,APLA,NK-AP-ECT-4560,9431.756232732718
Monterrey Logistics,Baseline FY26,North America,NK-AP-YLL-9917,5469.0416245720735
Monterrey Logistics,Baseline FY26,Greater China,NK-AP-ECT-5247,8105.11014612216
Chennai Textiles,Baseline FY26,North America,NK-MT-9-4005,6329.941232522228
Jakarta Apparel,Baseline FY26,Greater China,NK-BZ-77-2517,4198.636875285904
Dhaka Garments,Baseline FY26,EMEA,NK-SB-DLP-5754,1306.3640905752382
Chennai Textiles,Baseline FY26,North America,NK-AP-PDF-4006,3443.2547440576986
Guangzhou Footwear,Baseline FY26,Greater China,NK-BZ-77-3498,5054.382899975641
Saigon Premium,Baseline FY26,Greater China,NK-BK-KD16-6025,9550.756303583685
Monterrey Logistics,Baseline FY26,APLA,NK-MT-9-2628,7337.179618761691
Chennai Textiles,Baseline FY26,North America,NK-RA-RW-5325,2899.5547560869163
Guangzhou Footwear,Baseline FY26,Greater China,NK-BZ-77-5958,1576.5856179997327
Chennai Textiles,Baseline FY26,Greater China,NK-RA-RM-4245,4304.695907490908
Chennai Textiles,Baseline FY26,North America,NK-JD-SL3-4569,5838.886987241514
Guangzhou Footwear,Baseline FY26,North America,NK-AP-TJ-1394,7286.898027434194
Chennai Textiles,Baseline FY26,EMEA,NK-AM-PLS-4551,5371.14443717112
Dhaka Garments,Baseline FY26,Greater China,NK-BK-KD16-2857,1543.2952012462647
Guangzhou Footwear,Baseline FY26,Greater China,NK-AP-IC-8994,9120.573788656271
Saigon Premium,Baseline FY26,EMEA,NK-BZ-77-8784,6043.520525545863
Chennai Textiles,Baseline FY26,North America,NK-RA-RW-5325,6500.098611847244
Monterrey Logistics,Baseline FY26,North America,NK-AP-PDF-4195,9319.872145760864
Jakarta Apparel,Baseline FY26,APLA,NK-AP-PDF-8801,1261.742545333423
Dhaka Garments,Baseline FY26,EMEA,NK-CV-L-9062,2554.3134004057547
Jakarta Apparel,Baseline FY26,EMEA,NK-JD-SL3-4958,5769.355710166464
Monterrey Logistics,Baseline FY26,Greater China,NK-VF-3-8306,9886.686871398448
Monterrey Logistics,Baseline FY26,EMEA,NK-BK-JA1-9522,9071.865990811924
Dhaka Garments,Baseline FY26,EMEA,NK-RA-RW-2851,8806.649032250514
Chennai Textiles,Baseline FY26,North America,NK-AP-IC-3742,6633.622710294137
Dhaka Garments,Baseline FY26,North America,NK-RA-RW-7169,9619.07589510897
Saigon Premium,Baseline FY26,North America,NK-BK-KD16-4343,9332.279415734138
Chennai Textiles,Baseline FY26,Greater China,NK-VF-3-9175,1956.5478296150798
Monterrey Logistics,Baseline FY26,Greater China,NK-AM-PLS-4540,3373.7049373659183
Monterrey Logistics,Baseline FY26,APLA,NK-AM-270-6364,5654.745363476782
Jakarta Apparel,Baseline FY26,North America,NK-BK-KD16-9786,2707.921768978137
Chennai Textiles,Baseline FY26,North America,NK-AP-YLL-9083,4372.809661015242
Dhaka Garments,Baseline FY26,North America,NK-AP-ACG-1008,6379.285814383749
Chennai Textiles,Baseline FY26,Greater China,NK-MT-9-6558,7970.533447729837
Chennai Textiles,Baseline FY26,EMEA,NK-AP-IC-1184,2040.5788498847185
Saigon Premium,Baseline FY26,North America,NK-ZP-40-1600,8090.008908589991
Jakarta Apparel,Baseline FY26,EMEA,NK-AP-TJ-6055,4725.941651424359
Guangzhou Footwear,Baseline FY26,Greater China,NK-AP-IC-3010,6637.857222741576
Monterrey Logistics,Baseline FY26,North America,NK-AP-SFJ-6200,4653.015871638169
Monterrey Logistics,Baseline FY26,APLA,NK-AP-PDF-3226,1878.3569061399987
Jakarta Apparel,Baseline FY26,North America,NK-AP-IC-3874,7977.901780111472
Saigon Premium,Baseline FY26,North America,NK-AP-SFJ-9071,1979.282448121795
Guangzhou Footwear,Baseline FY26,EMEA,NK-CV-L-7849,8870.299075985638
Jakarta Apparel,Baseline FY26,APLA,NK-RA-RM-6508,8457.677201177685
Jakarta Apparel,Baseline FY26,APLA,NK-RA-RM-9260,9804.729259097194
Saigon Premium,Baseline FY26,APLA,NK-IV-3-8926,7500.09194500697
Chennai Textiles,Baseline FY26,Greater China,NK-JD-SL3-9203,1394.1792005325613
Monterrey Logistics,Baseline FY26,North America,NK-AP-TJ-3809,8506.591033510736
Monterrey Logistics,Baseline FY26,APLA,NK-AM-270-3411,7118.921134245047
Jakarta Apparel,Baseline FY26,Greater China,NK-MT-9-9927,6495.282757154131
Chennai Textiles,Baseline FY26,Greater China,NK-AM-270-1425,8963.858907822763
Dhaka Garments,Baseline FY26,Greater China,NK-JD-SL3-1165,1601.557985854067
Jakarta Apparel,Baseline FY26,APLA,NK-AM-90-3115,2782.237074061026
Guangzhou Footwear,Baseline FY26,APLA,NK-AP-YLL-6276,9687.698754535717
Chennai Textiles,Baseline FY26,EMEA,NK-ZP-40-6462,4105.789761761078
Chennai Textiles,Baseline FY26,EMEA,NK-AP-YLL-9041,5352.285164582874
Chennai Textiles,Baseline FY26,APLA,NK-IV-3-2860,9935.72719436701
Monterrey Logistics,Baseline FY26,APLA,NK-AP-TJ-3148,5455.119848271803
Saigon Premium,Baseline FY26,Greater China,NK-RA-RW-1984,9306.217677420325
Monterrey Logistics,Baseline FY26,North America,NK-AP-PDF-8482,4421.491863124795
Guangzhou Footwear,Baseline FY26,APLA,NK-AP-PDF-4347,6588.885132275281
Monterrey Logistics,Baseline FY26,North America,NK-BK-KD16-2414,6902.622042864847
Guangzhou Footwear,Baseline FY26,EMEA,NK-AP-SFJ-7074,3149.3488904145197
Saigon Premium,Baseline FY26,EMEA,NK-AP-TJ-9963,3139.652349425281
Chennai Textiles,Baseline FY26,APLA,NK-AP-ECT-7136,5508.185002046484
Jakarta Apparel,Baseline FY26,Greater China,NK-AP-ECT-1528,7070.887514436185
Jakarta Apparel,Baseline FY26,Greater China,NK-AM-270-1062,5554.834088000999
Guangzhou Footwear,Baseline FY26,North America,NK-VF-3-2266,3653.3452603783235
Saigon Premium,Baseline FY26,Greater China,NK-AM-270-4285,4127.686656418666
Jakarta Apparel,Baseline FY26,Greater China,NK-AP-YLL-6002,2964.4858210042385
Dhaka Garments,Baseline FY26,APLA,NK-AP-PDF-5655,6756.622007524918
Chennai Textiles,Baseline FY26,Greater China,NK-AP-ACG-1513,2556.650408326011
Jakarta Apparel,Baseline FY26,Greater China,NK-AP-IC-3046,7962.83431449053
Jakarta Apparel,Baseline FY26,APLA,NK-SB-DLP-1663,1071.9319475106813
Chennai Textiles,Baseline FY26,APLA,NK-AP-ECT-2168,9449.238968707346
Guangzhou Footwear,Baseline FY26,North America,NK-AM-90-8736,8560.249763369276
Saigon Premium,Baseline FY26,EMEA,NK-AP-YLL-2094,2788.7846878623077
Dhaka Garments,Baseline FY26,Greater China,NK-AM-90-7031,2771.937885455896
Saigon Premium,Baseline FY26,Greater China,NK-JD-SL3-3682,7034.337419413165
Jakarta Apparel,Baseline FY26,Greater China,NK-AP-TJ-3290,6644.845178026516
Guangzhou Footwear,Baseline FY26,Greater China,NK-ZP-40-4486,6413.234922553731
Dhaka Garments,Baseline FY26,Greater China,NK-AP-YLL-2870,4044.965613896113
Saigon Premium,Baseline FY26,EMEA,NK-RT-3-9576,5578.186258600816
Saigon Premium,Baseline FY26,North America,NK-AP-IC-1647,1633.099210403259
Guangzhou Footwear,Baseline FY26,APLA,NK-RA-RW-1787,5317.096881713826
Jakarta Apparel,Baseline FY26,APLA,NK-RA-RM-4941,4515.047555951454
Jakarta Apparel,Baseline FY26,EMEA,NK-RA-RM-5588,1612.011208094843
Saigon Premium,Baseline FY26,EMEA,NK-AP-YLL-9039,4991.873910751196
Monterrey Logistics,Baseline FY26,North America,NK-AM-270-5935,3818.0371572806675
Monterrey Logistics,Baseline FY26,North America,NK-AP-SFJ-1108,6921.915224789772
Monterrey Logistics,Baseline FY26,North America,NK-CV-L-5071,4315.900157187207
Monterrey Logistics,Baseline FY26,EMEA,NK-JD-SL3-7634,8638.425243238278
Jakarta Apparel,Baseline FY26,North America,NK-AP-SFJ-5244,8232.49373563579
Dhaka Garments,Baseline FY26,EMEA,NK-AM-270-2311,1578.8425572483143
Dhaka Garments,Baseline FY26,EMEA,NK-AM-270-7990,2863.6676079240947
Guangzhou Footwear,Baseline FY26,North America,NK-BK-KD16-7309,8228.333118764958
Saigon Premium,Baseline FY26,Greater China,NK-BK-JA1-3515,7841.776544193014
Saigon Premium,Baseline FY26,North America,NK-RA-RM-6656,1035.3537098318864
Guangzhou Footwear,Baseline FY26,North America,NK-RA-RM-2234,2964.72027205289
Jakarta Apparel,Baseline FY26,APLA,NK-AP-TJ-2975,6788.661504964226
Jakarta Apparel,Baseline FY26,North America,NK-IV-3-3047,2677.00499427291
Chennai Textiles,Baseline FY26,North America,NK-BK-JA1-2677,9387.669665161773
Chennai Textiles,Baseline FY26,APLA,NK-AP-ECT-2690,7743.239437086495
Dhaka Garments,Baseline FY26,EMEA,NK-AP-PDF-6795,3795.452709704733
Guangzhou Footwear,Baseline FY26,EMEA,NK-AP-IC-5011,1461.8827655618209
Guangzhou Footwear,Baseline FY26,North America,NK-SB-DLP-4118,2138.4883543404367
Dhaka Garments,Baseline FY26,North America,NK-RT-3-2512,4121.265905113905
Guangzhou Footwear,Baseline FY26,Greater China,NK-AP-SFJ-1326,8719.881336676157
Jakarta Apparel,Baseline FY26,EMEA,NK-AP-ACG-4547,2294.355729440936
Monterrey Logistics,Baseline FY26,EMEA,NK-AP-IC-4190,7101.140080566975
Guangzhou Footwear,Baseline FY26,EMEA,NK-JD-SL3-6158,2173.0467744706284
Dhaka Garments,Baseline FY26,APLA,NK-AM-270-2626,6155.721783319019
Guangzhou Footwear,Baseline FY26,APLA,NK-BZ-77-7870,3372.322691632775
Jakarta Apparel,Baseline FY26,EMEA,NK-VF-3-2442,5848.4308479878355
Guangzhou Footwear,Baseline FY26,North America,NK-AP-PDF-2118,5926.966585894934
Chennai Textiles,Baseline FY26,Greater China,NK-VF-3-1028,1691.5402638101039
Saigon Premium,Baseline FY26,Greater China,NK-AP-IC-8242,6648.940838560551
Chennai Textiles,Baseline FY26,EMEA,NK-AP-SFJ-7157,5863.138737234835
Monterrey Logistics,Baseline FY26,Greater China,NK-AP-SFJ-6041,2463.3324311016463
Saigon Premium,Baseline FY26,EMEA,NK-CV-L-3544,2000.0686628709645
Guangzhou Footwear,Baseline FY26,APLA,NK-AM-270-1921,7533.078161135974
Saigon Premium,Baseline FY26,EMEA,NK-AP-ECT-4843,2732.785799936604
Guangzhou Footwear,Baseline FY26,EMEA,NK-AP-IC-5501,6745.120314497433
Chennai Textiles,Baseline FY26,APLA,NK-BK-L21-9932,1826.2609236425428
